seq,owner_id,owner_login,repo_id,repo_name,creator_user_id,creator_user_login,recipient_user_id,recipient_user_login,type,created_at,source_context_url
1,582346,iluwatar,22790488,java-design-patterns,582346,iluwatar,582346,iluwatar,code,2020-07-27T17:59:09Z,https://github.com/iluwatar/java-design-patterns/pull/1343
2,582346,iluwatar,22790488,java-design-patterns,582346,iluwatar,582346,iluwatar,projectmanagement,2020-07-27T18:13:14Z,https://github.com/iluwatar/java-design-patterns/pull/1344
3,582346,iluwatar,22790488,java-design-patterns,582346,iluwatar,23420222,amit1307,code,2020-07-27T18:17:53Z,https://github.com/iluwatar/java-design-patterns/pull/1345
4,582346,iluwatar,22790488,java-design-patterns,582346,iluwatar,582346,iluwatar,maintenance,2020-07-27T19:38:07Z,https://github.com/iluwatar/java-design-patterns/commit/02b6aba6ae25aae1c23823c0b458782d859f1e04
5,582346,iluwatar,22790488,java-design-patterns,582346,iluwatar,582346,iluwatar,blog,2020-07-27T19:38:07Z,https://github.com/iluwatar/java-design-patterns/commit/02b6aba6ae25aae1c23823c0b458782d859f1e04
6,582346,iluwatar,22790488,java-design-patterns,582346,iluwatar,582346,iluwatar,content,2020-07-27T19:38:07Z,https://github.com/iluwatar/java-design-patterns/commit/02b6aba6ae25aae1c23823c0b458782d859f1e04
7,582346,iluwatar,22790488,java-design-patterns,582346,iluwatar,582346,iluwatar,doc,2020-07-27T19:38:07Z,https://github.com/iluwatar/java-design-patterns/commit/02b6aba6ae25aae1c23823c0b458782d859f1e04
8,582346,iluwatar,22790488,java-design-patterns,582346,iluwatar,582346,iluwatar,ideas,2020-07-27T19:38:07Z,https://github.com/iluwatar/java-design-patterns/commit/02b6aba6ae25aae1c23823c0b458782d859f1e04
9,582346,iluwatar,22790488,java-design-patterns,582346,iluwatar,582346,iluwatar,infra,2020-07-27T19:38:07Z,https://github.com/iluwatar/java-design-patterns/commit/02b6aba6ae25aae1c23823c0b458782d859f1e04
10,582346,iluwatar,22790488,java-design-patterns,582346,iluwatar,582346,iluwatar,review,2020-07-27T19:38:07Z,https://github.com/iluwatar/java-design-patterns/commit/02b6aba6ae25aae1c23823c0b458782d859f1e04
11,582346,iluwatar,22790488,java-design-patterns,582346,iluwatar,582346,iluwatar,projectmanagement,2020-07-27T19:38:07Z,https://github.com/iluwatar/java-design-patterns/commit/02b6aba6ae25aae1c23823c0b458782d859f1e04
12,582346,iluwatar,22790488,java-design-patterns,582346,iluwatar,1792515,npathai,code,2020-07-27T19:40:21Z,https://github.com/iluwatar/java-design-patterns/pull/1347
13,582346,iluwatar,22790488,java-design-patterns,582346,iluwatar,1792515,npathai,ideas,2020-07-27T19:40:21Z,https://github.com/iluwatar/java-design-patterns/pull/1347
14,582346,iluwatar,22790488,java-design-patterns,582346,iluwatar,1792515,npathai,maintenance,2020-07-27T19:40:21Z,https://github.com/iluwatar/java-design-patterns/pull/1347
15,582346,iluwatar,22790488,java-design-patterns,582346,iluwatar,1792515,npathai,question,2020-07-27T19:40:21Z,https://github.com/iluwatar/java-design-patterns/pull/1347
16,582346,iluwatar,22790488,java-design-patterns,582346,iluwatar,1792515,npathai,review,2020-07-27T19:40:21Z,https://github.com/iluwatar/java-design-patterns/pull/1347
17,582346,iluwatar,22790488,java-design-patterns,582346,iluwatar,1545460,fluxw42,code,2020-07-27T19:48:16Z,https://github.com/iluwatar/java-design-patterns/pull/1348
18,582346,iluwatar,22790488,java-design-patterns,582346,iluwatar,4526195,mikulucky,code,2020-07-27T20:14:35Z,https://github.com/iluwatar/java-design-patterns/pull/1349
19,582346,iluwatar,22790488,java-design-patterns,582346,iluwatar,22516154,thomasoss,code,2020-07-27T20:18:03Z,https://github.com/iluwatar/java-design-patterns/pull/1350
20,582346,iluwatar,22790488,java-design-patterns,582346,iluwatar,6075379,anuragagarwal561994,code,2020-07-27T20:20:45Z,https://github.com/iluwatar/java-design-patterns/pull/1351
21,582346,iluwatar,22790488,java-design-patterns,582346,iluwatar,3317416,markusmo3,design,2020-07-28T14:26:04Z,https://github.com/iluwatar/java-design-patterns/pull/1352
22,582346,iluwatar,22790488,java-design-patterns,582346,iluwatar,3317416,markusmo3,code,2020-07-28T14:26:04Z,https://github.com/iluwatar/java-design-patterns/pull/1352
23,582346,iluwatar,22790488,java-design-patterns,582346,iluwatar,3317416,markusmo3,ideas,2020-07-28T14:26:04Z,https://github.com/iluwatar/java-design-patterns/pull/1352
24,582346,iluwatar,22790488,java-design-patterns,582346,iluwatar,19510920,isabiq,code,2020-07-28T14:28:35Z,https://github.com/iluwatar/java-design-patterns/pull/1353
25,582346,iluwatar,22790488,java-design-patterns,582346,iluwatar,5253764,inbravo,code,2020-07-28T14:30:43Z,https://github.com/iluwatar/java-design-patterns/pull/1354
26,582346,iluwatar,22790488,java-design-patterns,582346,iluwatar,10268029,piyushchaudhari04,code,2020-07-28T14:32:58Z,https://github.com/iluwatar/java-design-patterns/pull/1355
27,582346,iluwatar,22790488,java-design-patterns,582346,iluwatar,8704552,joshzambales,code,2020-07-28T14:35:50Z,https://github.com/iluwatar/java-design-patterns/pull/1356
28,582346,iluwatar,22790488,java-design-patterns,582346,iluwatar,7272996,crossy147,code,2020-07-28T14:37:57Z,https://github.com/iluwatar/java-design-patterns/pull/1357
29,582346,iluwatar,22790488,java-design-patterns,582346,iluwatar,660742,zafarella,code,2020-07-28T14:40:29Z,https://github.com/iluwatar/java-design-patterns/pull/1358
30,582346,iluwatar,22790488,java-design-patterns,582346,iluwatar,660742,zafarella,doc,2020-07-28T14:40:29Z,https://github.com/iluwatar/java-design-patterns/pull/1358
31,582346,iluwatar,22790488,java-design-patterns,582346,iluwatar,1147749,kemitix,code,2020-07-28T14:42:28Z,https://github.com/iluwatar/java-design-patterns/pull/1359
32,582346,iluwatar,22790488,java-design-patterns,582346,iluwatar,22822639,argyro-sioziou,code,2020-07-28T14:44:47Z,https://github.com/iluwatar/java-design-patterns/pull/1360
33,582346,iluwatar,22790488,java-design-patterns,582346,iluwatar,4946449,tylermcconville,code,2020-07-28T14:46:42Z,https://github.com/iluwatar/java-design-patterns/pull/1361
34,582346,iluwatar,22790488,java-design-patterns,582346,iluwatar,37399540,saksham93,code,2020-07-28T14:48:51Z,https://github.com/iluwatar/java-design-patterns/pull/1362
35,582346,iluwatar,22790488,java-design-patterns,582346,iluwatar,37332144,nikhilbarar,code,2020-07-28T14:50:39Z,https://github.com/iluwatar/java-design-patterns/pull/1363
36,582346,iluwatar,22790488,java-design-patterns,582346,iluwatar,10725674,colinbut,code,2020-07-28T14:52:40Z,https://github.com/iluwatar/java-design-patterns/pull/1364
37,582346,iluwatar,22790488,java-design-patterns,582346,iluwatar,1503411,ruslanpa,code,2020-07-28T14:55:48Z,https://github.com/iluwatar/java-design-patterns/pull/1365
38,582346,iluwatar,22790488,java-design-patterns,582346,iluwatar,4745294,juhokang,code,2020-07-28T14:57:26Z,https://github.com/iluwatar/java-design-patterns/pull/1366
39,582346,iluwatar,22790488,java-design-patterns,582346,iluwatar,7002230,dheeraj-mummareddy,code,2020-07-28T15:02:50Z,https://github.com/iluwatar/java-design-patterns/pull/1367
40,582346,iluwatar,22790488,java-design-patterns,582346,iluwatar,8271090,bernardosulzbach,code,2020-07-28T15:08:02Z,https://github.com/iluwatar/java-design-patterns/pull/1368
41,582346,iluwatar,22790488,java-design-patterns,582346,iluwatar,19871727,4lexis,code,2020-07-28T15:09:44Z,https://github.com/iluwatar/java-design-patterns/pull/1369
42,582346,iluwatar,22790488,java-design-patterns,582346,iluwatar,1049483,yusufaytas,code,2020-07-28T15:11:30Z,https://github.com/iluwatar/java-design-patterns/pull/1370
43,582346,iluwatar,22790488,java-design-patterns,582346,iluwatar,1001491,qpi,code,2020-07-28T15:13:03Z,https://github.com/iluwatar/java-design-patterns/pull/1371
44,582346,iluwatar,22790488,java-design-patterns,582346,iluwatar,17639945,kapinuss,code,2020-07-28T15:14:38Z,https://github.com/iluwatar/java-design-patterns/pull/1372
45,582346,iluwatar,22790488,java-design-patterns,582346,iluwatar,6648152,gvsharma,code,2020-07-28T15:16:15Z,https://github.com/iluwatar/java-design-patterns/pull/1373
46,582346,iluwatar,22790488,java-design-patterns,582346,iluwatar,22815104,srdjanpaunovic,code,2020-07-28T15:17:43Z,https://github.com/iluwatar/java-design-patterns/pull/1374
47,582346,iluwatar,22790488,java-design-patterns,582346,iluwatar,5484694,sideris,code,2020-07-28T15:52:32Z,https://github.com/iluwatar/java-design-patterns/pull/1375
48,582346,iluwatar,22790488,java-design-patterns,582346,iluwatar,9137432,robertt240,code,2020-07-28T17:23:31Z,https://github.com/iluwatar/java-design-patterns/pull/1376
49,582346,iluwatar,22790488,java-design-patterns,582346,iluwatar,20372387,okinskas,code,2020-07-28T17:33:06Z,https://github.com/iluwatar/java-design-patterns/pull/1377
50,582346,iluwatar,22790488,java-design-patterns,582346,iluwatar,2236616,ankurkaushal,code,2020-07-28T17:37:12Z,https://github.com/iluwatar/java-design-patterns/pull/1378
51,582346,iluwatar,22790488,java-design-patterns,582346,iluwatar,20662669,tschis,content,2020-07-28T17:40:11Z,https://github.com/iluwatar/java-design-patterns/pull/1379
52,582346,iluwatar,22790488,java-design-patterns,582346,iluwatar,233149,qza,code,2020-07-28T17:43:10Z,https://github.com/iluwatar/java-design-patterns/pull/1380
53,582346,iluwatar,22790488,java-design-patterns,582346,iluwatar,6773603,pitsios-s,code,2020-07-28T17:45:59Z,https://github.com/iluwatar/java-design-patterns/pull/1381
54,582346,iluwatar,22790488,java-design-patterns,582346,iluwatar,2404785,llitfkitfk,content,2020-07-29T14:36:33Z,https://github.com/iluwatar/java-design-patterns/pull/1382
55,582346,iluwatar,22790488,java-design-patterns,582346,iluwatar,16000365,gwildor28,content,2020-07-29T14:39:12Z,https://github.com/iluwatar/java-design-patterns/pull/1383
56,582346,iluwatar,22790488,java-design-patterns,582346,iluwatar,7566692,amit2103,code,2020-07-29T14:41:36Z,https://github.com/iluwatar/java-design-patterns/pull/1384
57,582346,iluwatar,22790488,java-design-patterns,582346,iluwatar,3689445,hoswey,code,2020-07-29T14:44:06Z,https://github.com/iluwatar/java-design-patterns/pull/1385
58,582346,iluwatar,22790488,java-design-patterns,582346,iluwatar,10210778,gopinath-langote,code,2020-07-29T14:47:06Z,https://github.com/iluwatar/java-design-patterns/pull/1386
59,582346,iluwatar,22790488,java-design-patterns,582346,iluwatar,24470582,thatguywiththehat,content,2020-07-29T14:49:00Z,https://github.com/iluwatar/java-design-patterns/pull/1387
60,582346,iluwatar,22790488,java-design-patterns,582346,iluwatar,3133265,vehpsr,code,2020-07-29T14:50:54Z,https://github.com/iluwatar/java-design-patterns/pull/1389
61,582346,iluwatar,22790488,java-design-patterns,582346,iluwatar,18476317,azureyjt,code,2020-07-29T14:53:30Z,https://github.com/iluwatar/java-design-patterns/pull/1388
62,582346,iluwatar,22790488,java-design-patterns,582346,iluwatar,8975264,mookkiah,code,2020-07-29T14:55:54Z,https://github.com/iluwatar/java-design-patterns/pull/1390
63,582346,iluwatar,22790488,java-design-patterns,582346,iluwatar,2019896,llorllale,code,2020-07-29T14:58:01Z,https://github.com/iluwatar/java-design-patterns/pull/1391
64,582346,iluwatar,22790488,java-design-patterns,582346,iluwatar,12736734,igeligel,code,2020-07-29T15:00:07Z,https://github.com/iluwatar/java-design-patterns/pull/1392
65,582346,iluwatar,22790488,java-design-patterns,582346,iluwatar,7418012,hbothra15,code,2020-07-29T15:02:14Z,https://github.com/iluwatar/java-design-patterns/pull/1393
66,582346,iluwatar,22790488,java-design-patterns,582346,iluwatar,22855493,giorgosmav21,code,2020-07-29T15:05:23Z,https://github.com/iluwatar/java-design-patterns/pull/1394
67,582346,iluwatar,22790488,java-design-patterns,582346,iluwatar,1112973,oconnelc,code,2020-07-29T15:07:16Z,https://github.com/iluwatar/java-design-patterns/pull/1395
68,582346,iluwatar,22790488,java-design-patterns,582346,iluwatar,14066422,npczwh,code,2020-07-29T15:09:00Z,https://github.com/iluwatar/java-design-patterns/pull/1396
69,582346,iluwatar,22790488,java-design-patterns,582346,iluwatar,1211969,leogtzr,code,2020-07-29T15:11:09Z,https://github.com/iluwatar/java-design-patterns/pull/1397
70,582346,iluwatar,22790488,java-design-patterns,582346,iluwatar,1516800,dgruntz,code,2020-07-29T15:14:31Z,https://github.com/iluwatar/java-design-patterns/pull/1399
71,582346,iluwatar,22790488,java-design-patterns,582346,iluwatar,767643,christofferh,code,2020-07-29T15:16:13Z,https://github.com/iluwatar/java-design-patterns/pull/1400
72,582346,iluwatar,22790488,java-design-patterns,582346,iluwatar,42939261,anaghasasikumar,code,2020-07-29T15:18:08Z,https://github.com/iluwatar/java-design-patterns/pull/1401
73,582346,iluwatar,22790488,java-design-patterns,582346,iluwatar,10975700,waisuan,code,2020-07-29T15:19:54Z,https://github.com/iluwatar/java-design-patterns/pull/1402
74,582346,iluwatar,22790488,java-design-patterns,582346,iluwatar,7052193,perwramdemark,code,2020-07-29T15:21:41Z,https://github.com/iluwatar/java-design-patterns/pull/1403
75,582346,iluwatar,22790488,java-design-patterns,582346,iluwatar,13071508,leonmak,code,2020-07-29T15:23:24Z,https://github.com/iluwatar/java-design-patterns/pull/1404
76,582346,iluwatar,22790488,java-design-patterns,582346,iluwatar,39183641,kanwarpreet25,code,2020-07-29T15:25:04Z,https://github.com/iluwatar/java-design-patterns/pull/1405
77,582346,iluwatar,22790488,java-design-patterns,582346,iluwatar,6280554,msaifasif,code,2020-07-29T15:26:35Z,https://github.com/iluwatar/java-design-patterns/pull/1406
78,582346,iluwatar,22790488,java-design-patterns,582346,iluwatar,3234786,alwayswithme,code,2020-07-29T15:28:10Z,https://github.com/iluwatar/java-design-patterns/pull/1407
79,582346,iluwatar,22790488,java-design-patterns,582346,iluwatar,1992972,ranjeet-floyd,code,2020-07-29T15:29:42Z,https://github.com/iluwatar/java-design-patterns/pull/1408
80,582346,iluwatar,22790488,java-design-patterns,582346,iluwatar,16233245,mitchellirvin,code,2020-07-29T15:33:00Z,https://github.com/iluwatar/java-design-patterns/pull/1409
81,582346,iluwatar,22790488,java-design-patterns,582346,iluwatar,16112495,kirill-vlasov,code,2020-07-29T15:34:46Z,https://github.com/iluwatar/java-design-patterns/pull/1410
82,582346,iluwatar,22790488,java-design-patterns,582346,iluwatar,6115148,joningiwork,code,2020-07-29T15:36:28Z,https://github.com/iluwatar/java-design-patterns/pull/1411
83,582346,iluwatar,22790488,java-design-patterns,582346,iluwatar,10098713,jarpit96,code,2020-07-29T15:38:08Z,https://github.com/iluwatar/java-design-patterns/pull/1412
84,582346,iluwatar,22790488,java-design-patterns,582346,iluwatar,31692990,hoangnam2261,code,2020-07-29T15:41:18Z,https://github.com/iluwatar/java-design-patterns/pull/1413
85,582346,iluwatar,22790488,java-design-patterns,582346,iluwatar,3983683,fanofxiaofeng,code,2020-07-29T15:42:56Z,https://github.com/iluwatar/java-design-patterns/pull/1414
86,582346,iluwatar,22790488,java-design-patterns,582346,iluwatar,1798156,dmitraver,code,2020-07-29T15:44:29Z,https://github.com/iluwatar/java-design-patterns/pull/1415
87,582346,iluwatar,22790488,java-design-patterns,582346,iluwatar,29834592,besok,code,2020-07-29T15:45:54Z,https://github.com/iluwatar/java-design-patterns/pull/1416
88,582346,iluwatar,22790488,java-design-patterns,582346,iluwatar,17060584,baislsl,code,2020-07-29T15:48:09Z,https://github.com/iluwatar/java-design-patterns/pull/1417
89,582346,iluwatar,22790488,java-design-patterns,582346,iluwatar,6537430,akrystian,code,2020-07-29T15:49:47Z,https://github.com/iluwatar/java-design-patterns/pull/1418
90,582346,iluwatar,22790488,java-design-patterns,582346,iluwatar,18425745,rzeposlaw,code,2020-07-29T16:10:45Z,https://github.com/iluwatar/java-design-patterns/pull/1419
91,582346,iluwatar,22790488,java-design-patterns,582346,iluwatar,9956006,luigicortese,code,2020-07-29T16:12:47Z,https://github.com/iluwatar/java-design-patterns/pull/1420
92,582346,iluwatar,22790488,java-design-patterns,582346,iluwatar,90472682,juaanma,code,2020-07-29T16:14:27Z,https://github.com/iluwatar/java-design-patterns/pull/1421
93,582346,iluwatar,22790488,java-design-patterns,582346,iluwatar,8149332,7agustibm,code,2020-07-29T16:16:02Z,https://github.com/iluwatar/java-design-patterns/pull/1422
94,582346,iluwatar,22790488,java-design-patterns,582346,iluwatar,4850270,yosfik,code,2020-07-29T16:17:46Z,https://github.com/iluwatar/java-design-patterns/pull/1423
95,582346,iluwatar,22790488,java-design-patterns,582346,iluwatar,4307918,vanogrid,code,2020-07-29T16:19:24Z,https://github.com/iluwatar/java-design-patterns/pull/1424
96,582346,iluwatar,22790488,java-design-patterns,582346,iluwatar,17962817,valdar-hu,code,2020-07-29T16:21:23Z,https://github.com/iluwatar/java-design-patterns/pull/1425
97,582346,iluwatar,22790488,java-design-patterns,582346,iluwatar,23701200,staillebois,code,2020-07-29T16:23:13Z,https://github.com/iluwatar/java-design-patterns/pull/1426
98,582346,iluwatar,22790488,java-design-patterns,582346,iluwatar,6478783,sankypanhale,content,2020-07-29T16:25:03Z,https://github.com/iluwatar/java-design-patterns/pull/1427
99,582346,iluwatar,22790488,java-design-patterns,582346,iluwatar,14350274,prafful1,content,2020-07-29T16:26:38Z,https://github.com/iluwatar/java-design-patterns/pull/1428
100,582346,iluwatar,22790488,java-design-patterns,582346,iluwatar,3254609,pnowy,code,2020-07-29T16:28:19Z,https://github.com/iluwatar/java-design-patterns/pull/1429
101,582346,iluwatar,22790488,java-design-patterns,582346,iluwatar,86007,lbroman,code,2020-07-29T16:29:56Z,https://github.com/iluwatar/java-design-patterns/pull/1430
102,582346,iluwatar,22790488,java-design-patterns,582346,iluwatar,110982,kaiwinter,code,2020-07-29T16:31:36Z,https://github.com/iluwatar/java-design-patterns/pull/1431
103,582346,iluwatar,22790488,java-design-patterns,582346,iluwatar,22243493,jjjimenez100,code,2020-07-29T16:33:18Z,https://github.com/iluwatar/java-design-patterns/pull/1432
104,582346,iluwatar,22790488,java-design-patterns,582346,iluwatar,5390492,dzmitryh,code,2020-07-29T16:34:59Z,https://github.com/iluwatar/java-design-patterns/pull/1433
105,582346,iluwatar,22790488,java-design-patterns,582346,iluwatar,9342724,christophercolumbusdog,code,2020-07-29T16:36:36Z,https://github.com/iluwatar/java-design-patterns/pull/1434
106,582346,iluwatar,22790488,java-design-patterns,582346,iluwatar,10249255,anthonycampbell,code,2020-07-29T16:38:23Z,https://github.com/iluwatar/java-design-patterns/pull/1435
107,582346,iluwatar,22790488,java-design-patterns,582346,iluwatar,7372215,amogozov,code,2020-07-29T16:40:01Z,https://github.com/iluwatar/java-design-patterns/pull/1436
108,582346,iluwatar,22790488,java-design-patterns,582346,iluwatar,5720977,alexsomai,code,2020-07-29T16:41:48Z,https://github.com/iluwatar/java-design-patterns/pull/1437
109,582346,iluwatar,22790488,java-design-patterns,582346,iluwatar,26136934,mavdbussche,code,2020-07-29T16:43:27Z,https://github.com/iluwatar/java-design-patterns/pull/1438
110,582346,iluwatar,22790488,java-design-patterns,582346,iluwatar,22811531,harshrajsinh,code,2020-07-29T16:45:07Z,https://github.com/iluwatar/java-design-patterns/pull/1439
111,582346,iluwatar,22790488,java-design-patterns,582346,iluwatar,1685953,deathnerd,code,2020-07-29T16:47:29Z,https://github.com/iluwatar/java-design-patterns/pull/1440
112,582346,iluwatar,22790488,java-design-patterns,582346,iluwatar,6295975,anurag870,code,2020-07-29T16:49:21Z,https://github.com/iluwatar/java-design-patterns/pull/1441
113,582346,iluwatar,22790488,java-design-patterns,582346,iluwatar,4599623,amarnath510,code,2020-07-29T16:51:04Z,https://github.com/iluwatar/java-design-patterns/pull/1442
114,582346,iluwatar,22790488,java-design-patterns,582346,iluwatar,2184241,iampramod,review,2020-07-29T16:53:14Z,https://github.com/iluwatar/java-design-patterns/pull/1443
115,582346,iluwatar,22790488,java-design-patterns,582346,iluwatar,1641063,trautonen,code,2020-07-29T16:59:41Z,https://github.com/iluwatar/java-design-patterns/pull/1445
116,582346,iluwatar,22790488,java-design-patterns,582346,iluwatar,1595733,yorlov,code,2020-07-29T17:04:34Z,https://github.com/iluwatar/java-design-patterns/pull/1446
117,582346,iluwatar,22790488,java-design-patterns,582346,iluwatar,7676016,varunu28,code,2020-07-29T17:06:02Z,https://github.com/iluwatar/java-design-patterns/pull/1447
118,582346,iluwatar,22790488,java-design-patterns,582346,iluwatar,25523604,paladitya,code,2020-07-29T17:07:30Z,https://github.com/iluwatar/java-design-patterns/pull/1448
119,582346,iluwatar,22790488,java-design-patterns,582346,iluwatar,23739158,grzesiekkedzior,code,2020-07-29T17:08:48Z,https://github.com/iluwatar/java-design-patterns/pull/1449
120,582346,iluwatar,22790488,java-design-patterns,582346,iluwatar,51107434,sivasubramanim,code,2020-07-29T17:11:52Z,https://github.com/iluwatar/java-design-patterns/pull/1450
121,582346,iluwatar,22790488,java-design-patterns,582346,iluwatar,99457,d4gg4d,code,2020-07-29T17:13:25Z,https://github.com/iluwatar/java-design-patterns/pull/1451
122,582346,iluwatar,22790488,java-design-patterns,582346,iluwatar,557751,vertti,code,2020-07-29T17:14:42Z,https://github.com/iluwatar/java-design-patterns/pull/1452
123,582346,iluwatar,22790488,java-design-patterns,582346,iluwatar,2302947,bobo1239,content,2020-07-29T17:16:55Z,https://github.com/iluwatar/java-design-patterns/pull/1453
124,582346,iluwatar,22790488,java-design-patterns,582346,iluwatar,10779515,jahhein,content,2020-07-29T17:18:16Z,https://github.com/iluwatar/java-design-patterns/pull/1454
125,582346,iluwatar,22790488,java-design-patterns,582346,iluwatar,14842151,iamrichardjones,content,2020-07-29T17:19:48Z,https://github.com/iluwatar/java-design-patterns/pull/1455
126,582346,iluwatar,22790488,java-design-patterns,582346,iluwatar,22792183,rachelcarmena,content,2020-07-29T17:21:07Z,https://github.com/iluwatar/java-design-patterns/pull/1456
127,582346,iluwatar,22790488,java-design-patterns,582346,iluwatar,456426,webpro,content,2020-07-29T17:24:02Z,https://github.com/iluwatar/java-design-patterns/pull/1458
128,582346,iluwatar,22790488,java-design-patterns,582346,iluwatar,7418012,hbothra15,design,2020-07-29T17:42:46Z,https://github.com/iluwatar/java-design-patterns/pull/1459
129,582346,iluwatar,22790488,java-design-patterns,582346,iluwatar,21277644,xiaod-dev,translation,2020-07-29T18:03:30Z,https://github.com/iluwatar/java-design-patterns/pull/1460
130,582346,iluwatar,22790488,java-design-patterns,582346,iluwatar,6307904,charlesfinley,code,2020-08-01T07:42:45Z,https://github.com/iluwatar/java-design-patterns/pull/1464
131,582346,iluwatar,22790488,java-design-patterns,582346,iluwatar,21033516,manans77,review,2020-08-01T08:08:06Z,https://github.com/iluwatar/java-design-patterns/pull/1465
132,582346,iluwatar,22790488,java-design-patterns,582346,iluwatar,15331971,nishant,code,2020-08-01T08:46:29Z,https://github.com/iluwatar/java-design-patterns/pull/1466
133,582346,iluwatar,22790488,java-design-patterns,582346,iluwatar,5496024,raja-peeyush-kumar-singh,code,2020-08-01T09:49:06Z,https://github.com/iluwatar/java-design-patterns/pull/1467
134,582346,iluwatar,22790488,java-design-patterns,582346,iluwatar,6307904,charlesfinley,review,2020-08-03T13:35:29Z,https://github.com/iluwatar/java-design-patterns/pull/1471
135,582346,iluwatar,22790488,java-design-patterns,582346,iluwatar,10645273,ravening,code,2020-08-04T14:48:53Z,https://github.com/iluwatar/java-design-patterns/pull/1474
136,582346,iluwatar,22790488,java-design-patterns,582346,iluwatar,8037883,vincent8888801,code,2020-08-08T19:44:51Z,https://github.com/iluwatar/java-design-patterns/pull/1484
137,582346,iluwatar,22790488,java-design-patterns,582346,iluwatar,23194128,ashishtrivedi16,code,2020-08-11T14:23:22Z,https://github.com/iluwatar/java-design-patterns/pull/1488
138,582346,iluwatar,22790488,java-design-patterns,582346,iluwatar,41055099,rayyh,code,2020-08-11T14:30:34Z,https://github.com/iluwatar/java-design-patterns/pull/1489
139,582346,iluwatar,22790488,java-design-patterns,582346,iluwatar,13291222,ohbus,code,2020-08-17T16:14:48Z,https://github.com/iluwatar/java-design-patterns/pull/1496
140,582346,iluwatar,22790488,java-design-patterns,582346,iluwatar,13121570,nahteb,code,2020-08-18T16:42:39Z,https://github.com/iluwatar/java-design-patterns/pull/1497
141,582346,iluwatar,22790488,java-design-patterns,582346,iluwatar,13291222,ohbus,review,2020-08-18T16:46:14Z,https://github.com/iluwatar/java-design-patterns/pull/1498
142,582346,iluwatar,22790488,java-design-patterns,582346,iluwatar,1098102,edycutjong,doc,2020-08-21T15:01:32Z,https://github.com/iluwatar/java-design-patterns/pull/1502
143,582346,iluwatar,22790488,java-design-patterns,582346,iluwatar,15279585,mkrzywanski,code,2020-08-23T14:00:32Z,https://github.com/iluwatar/java-design-patterns/pull/1504
144,582346,iluwatar,22790488,java-design-patterns,582346,iluwatar,711349,stefanbirkner,code,2020-08-25T14:43:29Z,https://github.com/iluwatar/java-design-patterns/pull/1506
145,582346,iluwatar,22790488,java-design-patterns,582346,iluwatar,43882212,fedorskvorcov,code,2020-09-01T13:40:24Z,https://github.com/iluwatar/java-design-patterns/pull/1514
146,582346,iluwatar,22790488,java-design-patterns,582346,iluwatar,61546990,samilayoub,code,2020-09-06T16:36:36Z,https://github.com/iluwatar/java-design-patterns/pull/1519
147,582346,iluwatar,22790488,java-design-patterns,582346,iluwatar,10645273,ravening,review,2020-09-06T16:39:08Z,https://github.com/iluwatar/java-design-patterns/pull/1520
148,582346,iluwatar,22790488,java-design-patterns,582346,iluwatar,29997701,vdlald,code,2020-09-12T17:02:32Z,https://github.com/iluwatar/java-design-patterns/pull/1523
149,582346,iluwatar,22790488,java-design-patterns,582346,iluwatar,6285049,swarajsaaj,code,2020-09-13T14:24:33Z,https://github.com/iluwatar/java-design-patterns/pull/1524
150,582346,iluwatar,22790488,java-design-patterns,582346,iluwatar,4465376,chflick,doc,2020-10-04T11:24:49Z,https://github.com/iluwatar/java-design-patterns/pull/1545
151,582346,iluwatar,22790488,java-design-patterns,582346,iluwatar,7662016,ascenio,review,2020-11-07T07:49:21Z,https://github.com/iluwatar/java-design-patterns/pull/1591
152,582346,iluwatar,22790488,java-design-patterns,582346,iluwatar,24280982,dsibilio,doc,2020-11-07T12:34:09Z,https://github.com/iluwatar/java-design-patterns/pull/1593
153,582346,iluwatar,22790488,java-design-patterns,582346,iluwatar,3483277,akashchandwani,review,2020-11-07T12:36:55Z,https://github.com/iluwatar/java-design-patterns/pull/1594
154,582346,iluwatar,22790488,java-design-patterns,582346,iluwatar,7019769,manannikov,code,2020-11-23T20:38:25Z,https://github.com/iluwatar/java-design-patterns/pull/1599
155,582346,iluwatar,22790488,java-design-patterns,582346,iluwatar,20307301,eimanip,code,2020-11-28T12:25:41Z,https://github.com/iluwatar/java-design-patterns/pull/1602
156,582346,iluwatar,22790488,java-design-patterns,582346,iluwatar,23739158,grzesiekkedzior,review,2020-11-28T13:09:19Z,https://github.com/iluwatar/java-design-patterns/pull/1603
157,582346,iluwatar,22790488,java-design-patterns,582346,iluwatar,42976136,orangepants-r,doc,2020-11-30T14:57:53Z,https://github.com/iluwatar/java-design-patterns/pull/1605
158,582346,iluwatar,22790488,java-design-patterns,582346,iluwatar,21141301,ibrahimalii,review,2020-12-01T20:48:25Z,https://github.com/iluwatar/java-design-patterns/pull/1606
159,582346,iluwatar,22790488,java-design-patterns,582346,iluwatar,5161548,gkulkarni2020,doc,2020-12-04T13:48:41Z,https://github.com/iluwatar/java-design-patterns/pull/1607
160,582346,iluwatar,22790488,java-design-patterns,582346,iluwatar,6295975,anurag870,doc,2020-12-05T08:50:10Z,https://github.com/iluwatar/java-design-patterns/pull/1609
161,582346,iluwatar,22790488,java-design-patterns,582346,iluwatar,3521562,jeff303,code,2020-12-07T18:25:59Z,https://github.com/iluwatar/java-design-patterns/pull/1612
162,582346,iluwatar,22790488,java-design-patterns,13291222,ohbus,12713808,viveksb007,code,2020-12-08T05:28:39Z,https://github.com/iluwatar/java-design-patterns/pull/1613
163,582346,iluwatar,22790488,java-design-patterns,13291222,ohbus,18074419,siavashsoleymani,code,2020-12-09T07:41:16Z,https://github.com/iluwatar/java-design-patterns/pull/1616
164,582346,iluwatar,22790488,java-design-patterns,13291222,ohbus,45130488,tkhadir,translation,2021-01-04T14:12:59Z,https://github.com/iluwatar/java-design-patterns/pull/1623
165,582346,iluwatar,22790488,java-design-patterns,13291222,ohbus,59446563,ignite1771,code,2021-01-13T08:01:12Z,https://github.com/iluwatar/java-design-patterns/pull/1626
166,582346,iluwatar,22790488,java-design-patterns,582346,iluwatar,22895118,demirhalil,translation,2021-01-16T19:00:24Z,https://github.com/iluwatar/java-design-patterns/pull/1630
167,582346,iluwatar,22790488,java-design-patterns,582346,iluwatar,20845565,rohit10000,code,2021-01-26T20:22:48Z,https://github.com/iluwatar/java-design-patterns/pull/1637
168,582346,iluwatar,22790488,java-design-patterns,582346,iluwatar,42516378,byoungju94,code,2021-01-30T10:46:41Z,https://github.com/iluwatar/java-design-patterns/pull/1642
169,582346,iluwatar,22790488,java-design-patterns,582346,iluwatar,38836727,moustafafarhat,translation,2021-02-07T15:04:22Z,https://github.com/iluwatar/java-design-patterns/pull/1649
170,582346,iluwatar,22790488,java-design-patterns,582346,iluwatar,19147333,richardmr36,code,2021-02-28T09:51:48Z,https://github.com/iluwatar/java-design-patterns/pull/1662
171,582346,iluwatar,22790488,java-design-patterns,582346,iluwatar,17025445,va1m,code,2021-03-13T12:31:37Z,https://github.com/iluwatar/java-design-patterns/pull/1674
172,582346,iluwatar,22790488,java-design-patterns,582346,iluwatar,31648669,noamgrinch,code,2021-03-14T14:07:39Z,https://github.com/iluwatar/java-design-patterns/pull/1675
173,582346,iluwatar,22790488,java-design-patterns,582346,iluwatar,14086462,qfxl,doc,2021-03-18T20:13:28Z,https://github.com/iluwatar/java-design-patterns/pull/1681
174,582346,iluwatar,22790488,java-design-patterns,13291222,ohbus,40777762,jinishavora,review,2021-03-23T08:42:33Z,https://github.com/iluwatar/java-design-patterns/pull/1688
175,582346,iluwatar,22790488,java-design-patterns,13291222,ohbus,40777762,jinishavora,code,2021-03-23T08:42:33Z,https://github.com/iluwatar/java-design-patterns/pull/1688
176,582346,iluwatar,22790488,java-design-patterns,582346,iluwatar,13291222,ohbus,maintenance,2021-03-28T15:20:04Z,https://github.com/iluwatar/java-design-patterns/pull/1695
177,582346,iluwatar,22790488,java-design-patterns,13291222,ohbus,50836521,eas5,code,2021-04-26T07:36:33Z,https://github.com/iluwatar/java-design-patterns/pull/1711
178,582346,iluwatar,22790488,java-design-patterns,13291222,ohbus,46642512,zwebrain,code,2021-04-26T08:18:16Z,https://github.com/iluwatar/java-design-patterns/pull/1725
179,582346,iluwatar,22790488,java-design-patterns,13291222,ohbus,22493821,al-assad,translation,2021-04-29T13:19:45Z,https://github.com/iluwatar/java-design-patterns/pull/1733
180,582346,iluwatar,22790488,java-design-patterns,13291222,ohbus,6988911,studio26,translation,2021-04-29T13:25:41Z,https://github.com/iluwatar/java-design-patterns/pull/1735
181,582346,iluwatar,22790488,java-design-patterns,13291222,ohbus,30525467,dev-vruper,doc,2021-05-06T18:31:23Z,https://github.com/iluwatar/java-design-patterns/pull/1746
182,582346,iluwatar,22790488,java-design-patterns,582346,iluwatar,4138836,jackienim,code,2021-05-09T14:00:48Z,https://github.com/iluwatar/java-design-patterns/pull/1749
183,582346,iluwatar,22790488,java-design-patterns,13291222,ohbus,52118917,edisone3,code,2021-05-11T13:47:36Z,https://github.com/iluwatar/java-design-patterns/pull/1751
184,582346,iluwatar,22790488,java-design-patterns,582346,iluwatar,66189688,tao-sun2,code,2021-05-17T19:09:29Z,https://github.com/iluwatar/java-design-patterns/pull/1757
185,582346,iluwatar,22790488,java-design-patterns,582346,iluwatar,16357060,juanmanuelabate,translation,2021-06-04T18:39:47Z,https://github.com/iluwatar/java-design-patterns/pull/1780
186,582346,iluwatar,22790488,java-design-patterns,13291222,ohbus,17254162,samuelpsouza,code,2021-06-07T17:02:24Z,https://github.com/iluwatar/java-design-patterns/pull/1785
187,582346,iluwatar,22790488,java-design-patterns,582346,iluwatar,40809563,marlo2222,translation,2021-07-09T07:47:34Z,https://github.com/iluwatar/java-design-patterns/pull/1798
188,582346,iluwatar,22790488,java-design-patterns,582346,iluwatar,57706635,andriypyzh,code,2021-07-22T14:00:52Z,https://github.com/iluwatar/java-design-patterns/pull/1804
189,582346,iluwatar,22790488,java-design-patterns,582346,iluwatar,22431014,karthikbhat13,code,2021-08-08T12:53:13Z,https://github.com/iluwatar/java-design-patterns/pull/1808
190,582346,iluwatar,22790488,java-design-patterns,582346,iluwatar,1329687,mortezaadi,code,2021-09-07T18:46:24Z,https://github.com/iluwatar/java-design-patterns/pull/1816
191,582346,iluwatar,22790488,java-design-patterns,13291222,ohbus,3784194,tan31989,code,2021-09-28T18:41:14Z,https://github.com/iluwatar/java-design-patterns/pull/1820
192,582346,iluwatar,22790488,java-design-patterns,13291222,ohbus,7107651,frascu,code,2021-10-05T04:37:07Z,https://github.com/iluwatar/java-design-patterns/pull/1835
193,582346,iluwatar,22790488,java-design-patterns,582346,iluwatar,71334757,conhan93,doc,2021-10-08T17:36:02Z,https://github.com/iluwatar/java-design-patterns/pull/1844
194,582346,iluwatar,22790488,java-design-patterns,582346,iluwatar,43443753,muklasr,translation,2021-10-08T17:47:25Z,https://github.com/iluwatar/java-design-patterns/pull/1845
195,582346,iluwatar,22790488,java-design-patterns,582346,iluwatar,38704817,vxdxk,translation,2021-10-11T18:45:22Z,https://github.com/iluwatar/java-design-patterns/pull/1848
196,582346,iluwatar,22790488,java-design-patterns,13291222,ohbus,62168475,sims-keshri,code,2021-10-13T07:47:48Z,https://github.com/iluwatar/java-design-patterns/pull/1853
197,582346,iluwatar,22790488,java-design-patterns,582346,iluwatar,3101238,jcarlosr,translation,2021-10-15T17:27:23Z,https://github.com/iluwatar/java-design-patterns/pull/1857
198,582346,iluwatar,22790488,java-design-patterns,582346,iluwatar,60359433,dev-alighasemi,code,2021-10-16T17:11:23Z,https://github.com/iluwatar/java-design-patterns/pull/1861
199,582346,iluwatar,22790488,java-design-patterns,582346,iluwatar,32893711,mozartuss,translation,2021-10-21T17:40:58Z,https://github.com/iluwatar/java-design-patterns/pull/1877
200,582346,iluwatar,22790488,java-design-patterns,13291222,ohbus,1594624,carldea,code,2021-10-21T18:09:05Z,https://github.com/iluwatar/java-design-patterns/pull/1876
201,582346,iluwatar,22790488,java-design-patterns,582346,iluwatar,55682355,manvigoel26,doc,2021-10-21T18:15:45Z,https://github.com/iluwatar/java-design-patterns/pull/1878
202,582346,iluwatar,22790488,java-design-patterns,582346,iluwatar,39243539,blueberry404,doc,2021-10-24T06:04:53Z,https://github.com/iluwatar/java-design-patterns/pull/1888
203,582346,iluwatar,22790488,java-design-patterns,582346,iluwatar,47747828,uh-zz,translation,2021-10-24T06:41:50Z,https://github.com/iluwatar/java-design-patterns/pull/1889
204,582346,iluwatar,22790488,java-design-patterns,582346,iluwatar,37841724,harshalkh,code,2021-10-31T07:12:05Z,https://github.com/iluwatar/java-design-patterns/pull/1900
205,582346,iluwatar,22790488,java-design-patterns,582346,iluwatar,89785800,vashisthabhinav,doc,2021-12-06T09:59:56Z,https://github.com/iluwatar/java-design-patterns/pull/1921
206,582346,iluwatar,22790488,java-design-patterns,582346,iluwatar,47126749,kevinyl3,review,2021-12-11T14:34:05Z,https://github.com/iluwatar/java-design-patterns/pull/1926
207,582346,iluwatar,22790488,java-design-patterns,582346,iluwatar,28738668,shrirang97,review,2021-12-11T15:08:31Z,https://github.com/iluwatar/java-design-patterns/pull/1927
208,582346,iluwatar,22790488,java-design-patterns,582346,iluwatar,28738668,shrirang97,code,2021-12-11T15:08:31Z,https://github.com/iluwatar/java-design-patterns/pull/1927
209,582346,iluwatar,22790488,java-design-patterns,13291222,ohbus,18613127,interactwithankush,code,2021-12-16T14:36:22Z,https://github.com/iluwatar/java-design-patterns/pull/1931
210,582346,iluwatar,22790488,java-design-patterns,582346,iluwatar,17566866,yuhangbin,code,2021-12-23T16:11:49Z,https://github.com/iluwatar/java-design-patterns/pull/1934
211,582346,iluwatar,22790488,java-design-patterns,582346,iluwatar,20650323,leisterbecker,code,2021-12-23T18:45:15Z,https://github.com/iluwatar/java-design-patterns/pull/1935
212,582346,iluwatar,22790488,java-design-patterns,582346,iluwatar,35420129,castleking1997,code,2022-01-01T18:48:21Z,https://github.com/iluwatar/java-design-patterns/pull/1939
213,582346,iluwatar,22790488,java-design-patterns,582346,iluwatar,47126749,kevinyl3,code,2022-01-18T19:58:44Z,https://github.com/iluwatar/java-design-patterns/pull/1951
214,582346,iluwatar,22790488,java-design-patterns,582346,iluwatar,96943825,shivanshcharak,code,2022-01-30T19:01:10Z,https://github.com/iluwatar/java-design-patterns/pull/1958
215,582346,iluwatar,22790488,java-design-patterns,582346,iluwatar,5141285,hattorihenzo,code,2022-04-15T17:16:47Z,https://github.com/iluwatar/java-design-patterns/pull/1981
216,582346,iluwatar,22790488,java-design-patterns,582346,iluwatar,51032928,arnabsen1729,code,2022-04-16T17:46:59Z,https://github.com/iluwatar/java-design-patterns/pull/1986
217,582346,iluwatar,22790488,java-design-patterns,582346,iluwatar,1470114,mohanaraosv,code,2022-07-05T13:06:45Z,https://github.com/iluwatar/java-design-patterns/pull/2015
218,582346,iluwatar,22790488,java-design-patterns,582346,iluwatar,14914865,yonatankarp,code,2022-09-08T13:00:31Z,https://github.com/iluwatar/java-design-patterns/pull/2019
219,582346,iluwatar,22790488,java-design-patterns,582346,iluwatar,25756378,gustavooliani,code,2022-09-10T13:43:39Z,https://github.com/iluwatar/java-design-patterns/pull/2022
220,582346,iluwatar,22790488,java-design-patterns,582346,iluwatar,64826925,liu-rj,code,2022-09-18T10:41:00Z,https://github.com/iluwatar/java-design-patterns/pull/2024
221,582346,iluwatar,22790488,java-design-patterns,582346,iluwatar,54127694,treefiremen,doc,2022-09-21T17:12:32Z,https://github.com/iluwatar/java-design-patterns/pull/2029
222,582346,iluwatar,22790488,java-design-patterns,582346,iluwatar,72729433,xyllq999,code,2022-09-25T18:07:03Z,https://github.com/iluwatar/java-design-patterns/pull/2030
223,582346,iluwatar,22790488,java-design-patterns,582346,iluwatar,14914865,yonatankarp,review,2022-09-25T18:16:42Z,https://github.com/iluwatar/java-design-patterns/pull/2031
224,582346,iluwatar,22790488,java-design-patterns,582346,iluwatar,91405690,dmdbilal,doc,2022-10-04T17:19:29Z,https://github.com/iluwatar/java-design-patterns/pull/2053
225,582346,iluwatar,22790488,java-design-patterns,582346,iluwatar,37497287,karshil2309,code,2022-10-04T17:42:32Z,https://github.com/iluwatar/java-design-patterns/pull/2055
226,582346,iluwatar,22790488,java-design-patterns,582346,iluwatar,3745455,kongleong86,code,2022-10-05T18:25:59Z,https://github.com/iluwatar/java-design-patterns/pull/2059
227,582346,iluwatar,22790488,java-design-patterns,582346,iluwatar,64830228,aitorfi,translation,2022-10-08T16:09:35Z,https://github.com/iluwatar/java-design-patterns/pull/2067
228,582346,iluwatar,22790488,java-design-patterns,582346,iluwatar,64830228,aitorfi,doc,2022-10-08T16:09:35Z,https://github.com/iluwatar/java-design-patterns/pull/2067
229,582346,iluwatar,22790488,java-design-patterns,582346,iluwatar,20733994,hevictor,code,2022-10-08T16:42:35Z,https://github.com/iluwatar/java-design-patterns/pull/2068
230,582346,iluwatar,22790488,java-design-patterns,582346,iluwatar,10632233,m-inh,translation,2022-10-08T16:53:57Z,https://github.com/iluwatar/java-design-patterns/pull/2069
231,582346,iluwatar,22790488,java-design-patterns,582346,iluwatar,10632233,m-inh,doc,2022-10-08T16:53:57Z,https://github.com/iluwatar/java-design-patterns/pull/2069
232,582346,iluwatar,22790488,java-design-patterns,582346,iluwatar,30886176,yichuansun,doc,2022-10-09T07:00:16Z,https://github.com/iluwatar/java-design-patterns/pull/2070
233,582346,iluwatar,22790488,java-design-patterns,582346,iluwatar,43316964,pansem,doc,2022-10-10T16:28:06Z,https://github.com/iluwatar/java-design-patterns/pull/2080
234,582346,iluwatar,22790488,java-design-patterns,582346,iluwatar,111965739,zhoumengyks,code,2022-10-16T16:08:06Z,https://github.com/iluwatar/java-design-patterns/pull/2101
235,582346,iluwatar,22790488,java-design-patterns,582346,iluwatar,57100752,you,translation,2022-10-17T17:00:13Z,https://github.com/iluwatar/java-design-patterns/pull/2110
236,582346,iluwatar,22790488,java-design-patterns,582346,iluwatar,1121545,thanks,translation,2022-10-17T17:11:04Z,https://github.com/iluwatar/java-design-patterns/pull/2112
237,582346,iluwatar,22790488,java-design-patterns,582346,iluwatar,87204946,lazy-pr0grammer,doc,2022-10-17T17:19:29Z,https://github.com/iluwatar/java-design-patterns/pull/2114
238,582346,iluwatar,22790488,java-design-patterns,582346,iluwatar,85175130,mdfaizanahmed786,doc,2022-10-17T17:21:54Z,https://github.com/iluwatar/java-design-patterns/pull/2115
239,582346,iluwatar,22790488,java-design-patterns,582346,iluwatar,64830228,aitorfi,review,2022-10-17T17:32:31Z,https://github.com/iluwatar/java-design-patterns/pull/2116
240,582346,iluwatar,22790488,java-design-patterns,582346,iluwatar,39165280,burno1,code,2022-10-22T06:51:01Z,https://github.com/iluwatar/java-design-patterns/pull/2137
241,582346,iluwatar,22790488,java-design-patterns,582346,iluwatar,110753804,sammanpali,doc,2022-10-22T07:08:10Z,https://github.com/iluwatar/java-design-patterns/pull/2138
242,582346,iluwatar,22790488,java-design-patterns,582346,iluwatar,79553089,leseche,doc,2022-10-22T07:12:41Z,https://github.com/iluwatar/java-design-patterns/pull/2139
243,582346,iluwatar,22790488,java-design-patterns,582346,iluwatar,72398499,shouryamanekar,translation,2022-10-22T17:36:36Z,https://github.com/iluwatar/java-design-patterns/pull/2145
244,582346,iluwatar,22790488,java-design-patterns,582346,iluwatar,55138532,seongkyu-lim,translation,2022-10-22T17:43:44Z,https://github.com/iluwatar/java-design-patterns/pull/2146
245,582346,iluwatar,22790488,java-design-patterns,582346,iluwatar,66260538,janfidor,code,2022-10-26T17:27:28Z,https://github.com/iluwatar/java-design-patterns/pull/2178
246,582346,iluwatar,22790488,java-design-patterns,582346,iluwatar,66260538,janfidor,doc,2022-10-26T17:43:25Z,https://github.com/iluwatar/java-design-patterns/pull/2180
247,582346,iluwatar,22790488,java-design-patterns,582346,iluwatar,129260,drakulavich,code,2022-10-28T19:29:37Z,https://github.com/iluwatar/java-design-patterns/pull/2198
248,582346,iluwatar,22790488,java-design-patterns,582346,iluwatar,111041594,steph88ss,doc,2022-10-29T05:55:43Z,https://github.com/iluwatar/java-design-patterns/pull/2204
249,582346,iluwatar,22790488,java-design-patterns,582346,iluwatar,63731234,0xyujan,translation,2022-10-29T06:20:17Z,https://github.com/iluwatar/java-design-patterns/pull/2205
250,582346,iluwatar,22790488,java-design-patterns,582346,iluwatar,110189579,yusha-g,translation,2022-10-29T06:31:42Z,https://github.com/iluwatar/java-design-patterns/pull/2206
251,582346,iluwatar,22790488,java-design-patterns,582346,iluwatar,20912167,robertvolkmann,code,2022-10-30T15:34:15Z,https://github.com/iluwatar/java-design-patterns/pull/2292
252,582346,iluwatar,22790488,java-design-patterns,582346,iluwatar,21119358,bipin-k,doc,2022-10-30T16:12:34Z,https://github.com/iluwatar/java-design-patterns/pull/2293
253,582346,iluwatar,22790488,java-design-patterns,582346,iluwatar,100892032,kylesong30,doc,2022-10-30T16:40:23Z,https://github.com/iluwatar/java-design-patterns/pull/2294
254,582346,iluwatar,22790488,java-design-patterns,582346,iluwatar,20912167,robertvolkmann,review,2022-10-30T16:55:20Z,https://github.com/iluwatar/java-design-patterns/pull/2295
255,582346,iluwatar,22790488,java-design-patterns,582346,iluwatar,111095623,u7281975,doc,2022-10-30T17:06:32Z,https://github.com/iluwatar/java-design-patterns/pull/2296
256,582346,iluwatar,22790488,java-design-patterns,582346,iluwatar,92866584,harshalkhachane,code,2022-11-05T08:29:38Z,https://github.com/iluwatar/java-design-patterns/pull/2312
257,582346,iluwatar,22790488,java-design-patterns,582346,iluwatar,95495584,ec-026,doc,2022-11-06T09:53:06Z,https://github.com/iluwatar/java-design-patterns/pull/2315
258,582346,iluwatar,22790488,java-design-patterns,582346,iluwatar,95495584,ec-026,translation,2022-11-06T09:53:06Z,https://github.com/iluwatar/java-design-patterns/pull/2315
259,582346,iluwatar,22790488,java-design-patterns,582346,iluwatar,3091087,artfuldev,code,2022-11-08T18:59:48Z,https://github.com/iluwatar/java-design-patterns/pull/2321
260,582346,iluwatar,22790488,java-design-patterns,582346,iluwatar,78676331,vaibhav-if,doc,2022-11-09T19:37:00Z,https://github.com/iluwatar/java-design-patterns/pull/2323
261,582346,iluwatar,22790488,java-design-patterns,582346,iluwatar,110969489,u7275858,code,2022-11-09T19:57:18Z,https://github.com/iluwatar/java-design-patterns/pull/2324
262,582346,iluwatar,22790488,java-design-patterns,582346,iluwatar,37048768,prasad-333,doc,2022-11-13T07:17:12Z,https://github.com/iluwatar/java-design-patterns/pull/2328
263,582346,iluwatar,22790488,java-design-patterns,582346,iluwatar,101047547,jurenxu,code,2022-11-13T07:46:45Z,https://github.com/iluwatar/java-design-patterns/pull/2330
264,582346,iluwatar,22790488,java-design-patterns,582346,iluwatar,111167533,murphshaw,doc,2022-11-16T19:16:25Z,https://github.com/iluwatar/java-design-patterns/pull/2339
265,582346,iluwatar,22790488,java-design-patterns,582346,iluwatar,111103319,xianwu99,doc,2022-11-20T06:28:43Z,https://github.com/iluwatar/java-design-patterns/pull/2345
266,582346,iluwatar,22790488,java-design-patterns,582346,iluwatar,109902734,joshuasinglaanu,code,2022-11-20T12:38:50Z,https://github.com/iluwatar/java-design-patterns/pull/2346
267,582346,iluwatar,22790488,java-design-patterns,582346,iluwatar,36955909,ricardo-ramos-moura,translation,2022-11-20T12:44:47Z,https://github.com/iluwatar/java-design-patterns/pull/2347
268,582346,iluwatar,22790488,java-design-patterns,582346,iluwatar,72947724,zhrfrd,translation,2022-11-20T13:00:16Z,https://github.com/iluwatar/java-design-patterns/pull/2349
269,582346,iluwatar,22790488,java-design-patterns,582346,iluwatar,91766068,viniberaldo,translation,2022-11-20T13:11:26Z,https://github.com/iluwatar/java-design-patterns/pull/2350
270,582346,iluwatar,22790488,java-design-patterns,582346,iluwatar,25990078,stefanelstan,code,2022-11-20T13:14:55Z,https://github.com/iluwatar/java-design-patterns/pull/2351
271,582346,iluwatar,22790488,java-design-patterns,582346,iluwatar,79313705,bhati00,translation,2022-11-23T19:04:34Z,https://github.com/iluwatar/java-design-patterns/pull/2361
272,582346,iluwatar,22790488,java-design-patterns,582346,iluwatar,48200100,wulangcode,doc,2022-12-04T09:12:26Z,https://github.com/iluwatar/java-design-patterns/pull/2381
273,582346,iluwatar,22790488,java-design-patterns,582346,iluwatar,54300585,hkattt,code,2022-12-04T09:53:17Z,https://github.com/iluwatar/java-design-patterns/pull/2383
274,582346,iluwatar,22790488,java-design-patterns,582346,iluwatar,88313126,shivu2002a,code,2022-12-04T16:33:22Z,https://github.com/iluwatar/java-design-patterns/pull/2385
275,582346,iluwatar,22790488,java-design-patterns,582346,iluwatar,13827254,ap284,code,2022-12-10T14:56:47Z,https://github.com/iluwatar/java-design-patterns/pull/2388
276,582346,iluwatar,22790488,java-design-patterns,582346,iluwatar,56109364,girolamo-giordano,translation,2022-12-18T18:34:48Z,https://github.com/iluwatar/java-design-patterns/pull/2403
277,582346,iluwatar,22790488,java-design-patterns,582346,iluwatar,114961815,chak-c,code,2022-12-29T09:22:22Z,https://github.com/iluwatar/java-design-patterns/pull/2405
278,582346,iluwatar,22790488,java-design-patterns,582346,iluwatar,39953357,nakul251197,code,2022-12-29T11:07:02Z,https://github.com/iluwatar/java-design-patterns/pull/2406
279,582346,iluwatar,22790488,java-design-patterns,582346,iluwatar,76797146,karmatashicat,translation,2022-12-29T18:55:29Z,https://github.com/iluwatar/java-design-patterns/pull/2408
280,582346,iluwatar,22790488,java-design-patterns,582346,iluwatar,49302558,marikattt,code,2023-01-01T08:59:34Z,https://github.com/iluwatar/java-design-patterns/pull/2414
281,582346,iluwatar,22790488,java-design-patterns,582346,iluwatar,84663071,harsh4902,translation,2023-01-02T16:42:44Z,https://github.com/iluwatar/java-design-patterns/pull/2417
282,582346,iluwatar,22790488,java-design-patterns,582346,iluwatar,67625677,yongyongkr,doc,2023-01-06T08:23:00Z,https://github.com/iluwatar/java-design-patterns/pull/2435
283,582346,iluwatar,22790488,java-design-patterns,582346,iluwatar,67625677,yongyongkr,translation,2023-01-06T08:36:50Z,https://github.com/iluwatar/java-design-patterns/pull/2436
284,582346,iluwatar,22790488,java-design-patterns,582346,iluwatar,10365357,shogohida,translation,2023-01-09T14:23:29Z,https://github.com/iluwatar/java-design-patterns/pull/2446
285,582346,iluwatar,22790488,java-design-patterns,582346,iluwatar,48804404,regyl,code,2023-01-19T18:52:12Z,https://github.com/iluwatar/java-design-patterns/pull/2457
286,582346,iluwatar,22790488,java-design-patterns,582346,iluwatar,118425491,piyush280599,doc,2023-01-29T09:07:39Z,https://github.com/iluwatar/java-design-patterns/pull/2465
287,582346,iluwatar,22790488,java-design-patterns,582346,iluwatar,517415,rahul-raj,code,2023-02-04T17:24:04Z,https://github.com/iluwatar/java-design-patterns/pull/2468
288,582346,iluwatar,22790488,java-design-patterns,582346,iluwatar,49526472,bharathkalyans,code,2023-02-11T17:02:28Z,https://github.com/iluwatar/java-design-patterns/pull/2471
289,582346,iluwatar,22790488,java-design-patterns,582346,iluwatar,13088886,saiteja55,translation,2023-02-18T18:56:23Z,https://github.com/iluwatar/java-design-patterns/pull/2475
290,582346,iluwatar,22790488,java-design-patterns,582346,iluwatar,115318468,theclerici,translation,2023-02-28T07:12:28Z,https://github.com/iluwatar/java-design-patterns/pull/2482
291,582346,iluwatar,22790488,java-design-patterns,582346,iluwatar,13589365,ramils,translation,2023-02-28T07:33:40Z,https://github.com/iluwatar/java-design-patterns/pull/2483
292,582346,iluwatar,22790488,java-design-patterns,582346,iluwatar,50656114,pikapiu,code,2023-03-19T14:19:20Z,https://github.com/iluwatar/java-design-patterns/pull/2490
293,582346,iluwatar,22790488,java-design-patterns,582346,iluwatar,62488841,swashb0ckler,translation,2023-03-25T17:24:11Z,https://github.com/iluwatar/java-design-patterns/pull/2497
294,582346,iluwatar,22790488,java-design-patterns,582346,iluwatar,102645021,akshatarora0013,code,2023-04-01T14:49:46Z,https://github.com/iluwatar/java-design-patterns/pull/2501
295,582346,iluwatar,22790488,java-design-patterns,582346,iluwatar,45170085,mugheesqasim,code,2023-05-06T09:10:07Z,https://github.com/iluwatar/java-design-patterns/pull/2517
296,582346,iluwatar,22790488,java-design-patterns,582346,iluwatar,72903623,behappyleee,translation,2023-06-17T13:04:51Z,https://github.com/iluwatar/java-design-patterns/pull/2536
297,582346,iluwatar,22790488,java-design-patterns,582346,iluwatar,116510022,ayush-thakur-geek,translation,2023-06-17T13:21:26Z,https://github.com/iluwatar/java-design-patterns/pull/2537
298,582346,iluwatar,22790488,java-design-patterns,582346,iluwatar,55814237,boscha1,code,2023-07-02T08:51:57Z,https://github.com/iluwatar/java-design-patterns/pull/2547
299,582346,iluwatar,22790488,java-design-patterns,582346,iluwatar,37683428,ansontran,doc,2023-07-02T08:54:36Z,https://github.com/iluwatar/java-design-patterns/pull/2548
300,582346,iluwatar,22790488,java-design-patterns,582346,iluwatar,102854627,beef-e,translation,2023-07-02T08:56:31Z,https://github.com/iluwatar/java-design-patterns/pull/2549
301,8571500,goldbergyoni,103633984,nodebestpractices,23022619,js-kyle,7501477,kevinrambaud,content,2019-08-22T03:51:24Z,https://github.com/goldbergyoni/nodebestpractices/pull/466
302,8571500,goldbergyoni,103633984,nodebestpractices,23022619,js-kyle,1286554,mfine15,content,2019-08-22T03:52:47Z,https://github.com/goldbergyoni/nodebestpractices/pull/467
303,8571500,goldbergyoni,103633984,nodebestpractices,23022619,js-kyle,4996818,squgeim,content,2019-08-22T03:53:28Z,https://github.com/goldbergyoni/nodebestpractices/pull/468
304,8571500,goldbergyoni,103633984,nodebestpractices,23022619,js-kyle,3718366,matheusrocha89,content,2019-08-22T03:54:07Z,https://github.com/goldbergyoni/nodebestpractices/pull/469
305,8571500,goldbergyoni,103633984,nodebestpractices,23022619,js-kyle,28219178,bityog,content,2019-08-22T03:54:42Z,https://github.com/goldbergyoni/nodebestpractices/pull/470
306,8571500,goldbergyoni,103633984,nodebestpractices,23022619,js-kyle,13519184,kudapara,content,2019-08-22T03:55:17Z,https://github.com/goldbergyoni/nodebestpractices/pull/471
307,8571500,goldbergyoni,103633984,nodebestpractices,23022619,js-kyle,1469638,t1st3,content,2019-08-22T03:55:54Z,https://github.com/goldbergyoni/nodebestpractices/pull/472
308,8571500,goldbergyoni,103633984,nodebestpractices,23022619,js-kyle,33382022,mulijordan1976,content,2019-08-22T03:56:27Z,https://github.com/goldbergyoni/nodebestpractices/pull/473
309,8571500,goldbergyoni,103633984,nodebestpractices,23022619,js-kyle,4658208,matchai,content,2019-08-22T03:57:01Z,https://github.com/goldbergyoni/nodebestpractices/pull/474
310,8571500,goldbergyoni,103633984,nodebestpractices,23022619,js-kyle,670057,fabiothiroki,content,2019-08-22T03:57:43Z,https://github.com/goldbergyoni/nodebestpractices/pull/475
311,8571500,goldbergyoni,103633984,nodebestpractices,23022619,js-kyle,321201,jsumners,content,2019-08-22T03:58:28Z,https://github.com/goldbergyoni/nodebestpractices/pull/476
312,8571500,goldbergyoni,103633984,nodebestpractices,23022619,js-kyle,7152041,dan-gamble,content,2019-08-22T03:59:38Z,https://github.com/goldbergyoni/nodebestpractices/pull/477
313,8571500,goldbergyoni,103633984,nodebestpractices,23022619,js-kyle,13276704,trainorpj,content,2019-08-22T04:03:02Z,https://github.com/goldbergyoni/nodebestpractices/pull/478
314,8571500,goldbergyoni,103633984,nodebestpractices,23022619,js-kyle,3164299,reod,content,2019-08-22T04:03:42Z,https://github.com/goldbergyoni/nodebestpractices/pull/479
315,8571500,goldbergyoni,103633984,nodebestpractices,23022619,js-kyle,1829789,yonjah,content,2019-08-22T04:04:31Z,https://github.com/goldbergyoni/nodebestpractices/pull/480
316,8571500,goldbergyoni,103633984,nodebestpractices,23022619,js-kyle,1270790,hazolsky,content,2019-08-22T04:05:04Z,https://github.com/goldbergyoni/nodebestpractices/pull/481
317,8571500,goldbergyoni,103633984,nodebestpractices,23022619,js-kyle,8045060,evgenyorekhov,content,2019-08-22T04:05:41Z,https://github.com/goldbergyoni/nodebestpractices/pull/482
318,8571500,goldbergyoni,103633984,nodebestpractices,23022619,js-kyle,19854105,gediminasml,content,2019-08-22T04:06:31Z,https://github.com/goldbergyoni/nodebestpractices/pull/483
319,8571500,goldbergyoni,103633984,nodebestpractices,23022619,js-kyle,923876,hisaac,content,2019-08-22T04:07:01Z,https://github.com/goldbergyoni/nodebestpractices/pull/484
320,8571500,goldbergyoni,103633984,nodebestpractices,23022619,js-kyle,2808092,vkaracic,content,2019-08-22T04:07:47Z,https://github.com/goldbergyoni/nodebestpractices/pull/485
321,8571500,goldbergyoni,103633984,nodebestpractices,23022619,js-kyle,10761165,lallenlowe,content,2019-08-22T04:08:18Z,https://github.com/goldbergyoni/nodebestpractices/pull/486
322,8571500,goldbergyoni,103633984,nodebestpractices,23022619,js-kyle,1039473,nwwells,content,2019-08-22T04:08:58Z,https://github.com/goldbergyoni/nodebestpractices/pull/487
323,8571500,goldbergyoni,103633984,nodebestpractices,23022619,js-kyle,125503,paulovitin,content,2019-08-22T04:09:41Z,https://github.com/goldbergyoni/nodebestpractices/pull/488
324,8571500,goldbergyoni,103633984,nodebestpractices,23022619,js-kyle,1989646,syzer,content,2019-08-22T04:10:53Z,https://github.com/goldbergyoni/nodebestpractices/pull/489
325,8571500,goldbergyoni,103633984,nodebestpractices,23022619,js-kyle,3763599,davesnx,content,2019-08-22T04:13:06Z,https://github.com/goldbergyoni/nodebestpractices/pull/490
326,8571500,goldbergyoni,103633984,nodebestpractices,23022619,js-kyle,4929965,pupix,content,2019-08-22T04:17:20Z,https://github.com/goldbergyoni/nodebestpractices/pull/491
327,8571500,goldbergyoni,103633984,nodebestpractices,23022619,js-kyle,708395,spaxe,content,2019-08-22T04:17:48Z,https://github.com/goldbergyoni/nodebestpractices/pull/492
328,8571500,goldbergyoni,103633984,nodebestpractices,23022619,js-kyle,13742634,septa97,content,2019-08-22T04:18:42Z,https://github.com/goldbergyoni/nodebestpractices/pull/494
329,8571500,goldbergyoni,103633984,nodebestpractices,23022619,js-kyle,5351390,allenfang,content,2019-08-22T04:19:18Z,https://github.com/goldbergyoni/nodebestpractices/pull/495
330,8571500,goldbergyoni,103633984,nodebestpractices,23022619,js-kyle,8650543,leonardovillela,content,2019-08-22T04:19:45Z,https://github.com/goldbergyoni/nodebestpractices/pull/496
331,8571500,goldbergyoni,103633984,nodebestpractices,23022619,js-kyle,3136577,michalzalecki,content,2019-08-22T04:20:13Z,https://github.com/goldbergyoni/nodebestpractices/pull/497
332,8571500,goldbergyoni,103633984,nodebestpractices,23022619,js-kyle,156449,chrisnicola,content,2019-08-22T04:20:41Z,https://github.com/goldbergyoni/nodebestpractices/pull/498
333,8571500,goldbergyoni,103633984,nodebestpractices,23022619,js-kyle,9114987,aecorredor,content,2019-08-22T04:21:22Z,https://github.com/goldbergyoni/nodebestpractices/pull/499
334,8571500,goldbergyoni,103633984,nodebestpractices,23022619,js-kyle,272843,cwar,content,2019-08-22T04:22:22Z,https://github.com/goldbergyoni/nodebestpractices/pull/500
335,8571500,goldbergyoni,103633984,nodebestpractices,23022619,js-kyle,10647132,keyfoxth,content,2019-08-22T04:22:53Z,https://github.com/goldbergyoni/nodebestpractices/pull/501
336,8571500,goldbergyoni,103633984,nodebestpractices,23022619,js-kyle,10895594,utkarshbhatt12,content,2019-08-22T04:23:20Z,https://github.com/goldbergyoni/nodebestpractices/pull/502
337,8571500,goldbergyoni,103633984,nodebestpractices,23022619,js-kyle,12852058,duartemendes,content,2019-08-22T04:23:49Z,https://github.com/goldbergyoni/nodebestpractices/pull/503
338,8571500,goldbergyoni,103633984,nodebestpractices,23022619,js-kyle,103456,serv,content,2019-08-22T04:24:16Z,https://github.com/goldbergyoni/nodebestpractices/pull/504
339,8571500,goldbergyoni,103633984,nodebestpractices,23022619,js-kyle,2124249,max101,content,2019-08-22T04:24:52Z,https://github.com/goldbergyoni/nodebestpractices/pull/505
340,8571500,goldbergyoni,103633984,nodebestpractices,23022619,js-kyle,6423157,sandromiguel,content,2019-08-22T04:25:21Z,https://github.com/goldbergyoni/nodebestpractices/pull/506
341,8571500,goldbergyoni,103633984,nodebestpractices,23022619,js-kyle,9855482,gabekuslansky,content,2019-08-22T04:25:49Z,https://github.com/goldbergyoni/nodebestpractices/pull/507
342,8571500,goldbergyoni,103633984,nodebestpractices,23022619,js-kyle,172282,ripper234,content,2019-08-22T04:26:18Z,https://github.com/goldbergyoni/nodebestpractices/pull/508
343,8571500,goldbergyoni,103633984,nodebestpractices,23022619,js-kyle,1620265,vkarpov15,content,2019-08-22T04:26:47Z,https://github.com/goldbergyoni/nodebestpractices/pull/509
344,8571500,goldbergyoni,103633984,nodebestpractices,23022619,js-kyle,20087388,imsergiobernal,content,2019-08-22T04:27:12Z,https://github.com/goldbergyoni/nodebestpractices/pull/510
345,8571500,goldbergyoni,103633984,nodebestpractices,23022619,js-kyle,7332371,ntelkedzhiev,content,2019-08-22T04:27:39Z,https://github.com/goldbergyoni/nodebestpractices/pull/511
346,8571500,goldbergyoni,103633984,nodebestpractices,23022619,js-kyle,26370059,vitordagamagodoy,content,2019-08-22T04:28:07Z,https://github.com/goldbergyoni/nodebestpractices/pull/512
347,8571500,goldbergyoni,103633984,nodebestpractices,23022619,js-kyle,19797340,manishsaraan,content,2019-08-22T04:28:33Z,https://github.com/goldbergyoni/nodebestpractices/pull/513
348,8571500,goldbergyoni,103633984,nodebestpractices,23022619,js-kyle,5186814,uronly14me,content,2019-08-22T04:29:04Z,https://github.com/goldbergyoni/nodebestpractices/pull/514
349,8571500,goldbergyoni,103633984,nodebestpractices,23022619,js-kyle,12443954,blackmatch,content,2019-08-22T04:30:17Z,https://github.com/goldbergyoni/nodebestpractices/pull/515
350,8571500,goldbergyoni,103633984,nodebestpractices,23022619,js-kyle,5173131,isnit0,content,2019-08-22T04:30:56Z,https://github.com/goldbergyoni/nodebestpractices/pull/516
351,8571500,goldbergyoni,103633984,nodebestpractices,23022619,js-kyle,14985016,busbyactual,content,2019-08-22T04:31:25Z,https://github.com/goldbergyoni/nodebestpractices/pull/517
352,8571500,goldbergyoni,103633984,nodebestpractices,23022619,js-kyle,4482199,imanmh,content,2019-08-22T04:31:52Z,https://github.com/goldbergyoni/nodebestpractices/pull/518
353,8571500,goldbergyoni,103633984,nodebestpractices,23022619,js-kyle,287769,heel,content,2019-08-22T04:32:19Z,https://github.com/goldbergyoni/nodebestpractices/pull/519
354,8571500,goldbergyoni,103633984,nodebestpractices,23022619,js-kyle,25738473,kapilepatel,content,2019-08-22T04:32:47Z,https://github.com/goldbergyoni/nodebestpractices/pull/520
355,8571500,goldbergyoni,103633984,nodebestpractices,23022619,js-kyle,359395,justjavac,content,2019-08-22T04:33:15Z,https://github.com/goldbergyoni/nodebestpractices/pull/521
356,8571500,goldbergyoni,103633984,nodebestpractices,23022619,js-kyle,2084833,hozefaj,content,2019-08-22T04:33:41Z,https://github.com/goldbergyoni/nodebestpractices/pull/522
357,8571500,goldbergyoni,103633984,nodebestpractices,23022619,js-kyle,10249884,el-ethan,content,2019-08-22T04:34:08Z,https://github.com/goldbergyoni/nodebestpractices/pull/523
358,8571500,goldbergyoni,103633984,nodebestpractices,23022619,js-kyle,3108407,milkdeliver,content,2019-08-22T04:34:34Z,https://github.com/goldbergyoni/nodebestpractices/pull/524
359,8571500,goldbergyoni,103633984,nodebestpractices,23022619,js-kyle,19508764,arlindxh,content,2019-08-22T04:35:01Z,https://github.com/goldbergyoni/nodebestpractices/pull/525
360,8571500,goldbergyoni,103633984,nodebestpractices,23022619,js-kyle,19815440,ttous,content,2019-08-22T04:35:31Z,https://github.com/goldbergyoni/nodebestpractices/pull/526
361,8571500,goldbergyoni,103633984,nodebestpractices,23022619,js-kyle,2419690,lewisardern,content,2019-08-22T04:36:25Z,https://github.com/goldbergyoni/nodebestpractices/pull/527
362,8571500,goldbergyoni,103633984,nodebestpractices,23022619,js-kyle,765963,gabriellidenor,content,2019-08-22T04:36:54Z,https://github.com/goldbergyoni/nodebestpractices/pull/528
363,8571500,goldbergyoni,103633984,nodebestpractices,23022619,js-kyle,4623196,animir,content,2019-08-22T04:37:21Z,https://github.com/goldbergyoni/nodebestpractices/pull/529
364,8571500,goldbergyoni,103633984,nodebestpractices,23022619,js-kyle,47419763,francozeira,content,2019-08-22T04:37:58Z,https://github.com/goldbergyoni/nodebestpractices/pull/530
365,8571500,goldbergyoni,103633984,nodebestpractices,23022619,js-kyle,7305493,invvard,content,2019-08-22T04:38:27Z,https://github.com/goldbergyoni/nodebestpractices/pull/531
366,8571500,goldbergyoni,103633984,nodebestpractices,23022619,js-kyle,18492592,romulogarofalo,content,2019-08-22T04:38:56Z,https://github.com/goldbergyoni/nodebestpractices/pull/532
367,8571500,goldbergyoni,103633984,nodebestpractices,23022619,js-kyle,1491103,thoqbk,content,2019-08-22T04:39:22Z,https://github.com/goldbergyoni/nodebestpractices/pull/533
368,8571500,goldbergyoni,103633984,nodebestpractices,23022619,js-kyle,81261170,qeneke,content,2019-08-22T04:39:50Z,https://github.com/goldbergyoni/nodebestpractices/pull/534
369,8571500,goldbergyoni,103633984,nodebestpractices,23022619,js-kyle,2950505,martinmuzatko,content,2019-08-22T04:40:17Z,https://github.com/goldbergyoni/nodebestpractices/pull/535
370,8571500,goldbergyoni,103633984,nodebestpractices,23022619,js-kyle,2757601,autoboxer,content,2019-08-22T04:41:44Z,https://github.com/goldbergyoni/nodebestpractices/pull/536
371,8571500,goldbergyoni,103633984,nodebestpractices,23022619,js-kyle,4545860,bikingbadger,content,2019-08-22T04:42:14Z,https://github.com/goldbergyoni/nodebestpractices/pull/537
372,8571500,goldbergyoni,103633984,nodebestpractices,23022619,js-kyle,1451365,changjoo-park,content,2019-08-22T04:42:40Z,https://github.com/goldbergyoni/nodebestpractices/pull/538
373,8571500,goldbergyoni,103633984,nodebestpractices,23022619,js-kyle,16427431,masahirosakaguchi,content,2019-08-22T04:43:32Z,https://github.com/goldbergyoni/nodebestpractices/pull/539
374,8571500,goldbergyoni,103633984,nodebestpractices,23022619,js-kyle,1253400,thehollidayinn,content,2019-08-22T04:44:02Z,https://github.com/goldbergyoni/nodebestpractices/pull/540
375,8571500,goldbergyoni,103633984,nodebestpractices,23022619,js-kyle,1485356,coreyc,content,2019-08-22T04:44:30Z,https://github.com/goldbergyoni/nodebestpractices/pull/541
376,8571500,goldbergyoni,103633984,nodebestpractices,23022619,js-kyle,8260834,berkmann18,content,2019-08-22T04:44:59Z,https://github.com/goldbergyoni/nodebestpractices/pull/542
377,8571500,goldbergyoni,103633984,nodebestpractices,23022619,js-kyle,32845487,douglasmv,content,2019-08-22T04:45:27Z,https://github.com/goldbergyoni/nodebestpractices/pull/543
378,8571500,goldbergyoni,103633984,nodebestpractices,23022619,js-kyle,18266600,marcelosdm,content,2019-08-22T04:45:54Z,https://github.com/goldbergyoni/nodebestpractices/pull/544
379,8571500,goldbergyoni,103633984,nodebestpractices,23022619,js-kyle,3465794,mperk,content,2019-08-22T04:46:23Z,https://github.com/goldbergyoni/nodebestpractices/pull/545
380,8571500,goldbergyoni,103633984,nodebestpractices,23022619,js-kyle,76804341,ryanouyang,content,2019-08-22T04:46:49Z,https://github.com/goldbergyoni/nodebestpractices/pull/546
381,8571500,goldbergyoni,103633984,nodebestpractices,23022619,js-kyle,26842535,shabeer-mdy,content,2019-08-22T05:13:49Z,https://github.com/goldbergyoni/nodebestpractices/pull/549
382,8571500,goldbergyoni,103633984,nodebestpractices,4772980,BrunoScheufler,3983879,halfzebra,content,2019-08-31T09:49:45Z,https://github.com/goldbergyoni/nodebestpractices/pull/560
383,8571500,goldbergyoni,103633984,nodebestpractices,23022619,js-kyle,686067,deyvisonrocha,content,2019-09-23T20:24:31Z,https://github.com/goldbergyoni/nodebestpractices/pull/566
384,8571500,goldbergyoni,103633984,nodebestpractices,4772980,BrunoScheufler,119608471,georgem3,content,2019-10-04T08:43:23Z,https://github.com/goldbergyoni/nodebestpractices/pull/572
385,8571500,goldbergyoni,103633984,nodebestpractices,4772980,BrunoScheufler,1969742,leimonio,content,2019-10-12T11:01:33Z,https://github.com/goldbergyoni/nodebestpractices/pull/573
386,8571500,goldbergyoni,103633984,nodebestpractices,4772980,BrunoScheufler,815910,tiendq,content,2019-11-24T16:49:58Z,https://github.com/goldbergyoni/nodebestpractices/pull/594
387,8571500,goldbergyoni,103633984,nodebestpractices,4772980,BrunoScheufler,11356398,singh1114,content,2019-11-24T16:51:14Z,https://github.com/goldbergyoni/nodebestpractices/pull/595
388,8571500,goldbergyoni,103633984,nodebestpractices,4772980,BrunoScheufler,13496126,collierrgbsitisfise,content,2019-12-06T08:19:14Z,https://github.com/goldbergyoni/nodebestpractices/pull/600
389,8571500,goldbergyoni,103633984,nodebestpractices,8571500,goldbergyoni,28633849,germangamboa95,content,2020-02-02T09:17:24Z,https://github.com/goldbergyoni/nodebestpractices/pull/623
390,8571500,goldbergyoni,103633984,nodebestpractices,4941215,kevynb,19984935,abdelrahmanhafez,content,2020-02-02T19:57:20Z,https://github.com/goldbergyoni/nodebestpractices/pull/624
391,8571500,goldbergyoni,103633984,nodebestpractices,4941215,kevynb,42678579,chandiran-dmc,content,2020-03-04T21:48:56Z,https://github.com/goldbergyoni/nodebestpractices/pull/646
392,8571500,goldbergyoni,103633984,nodebestpractices,8571500,goldbergyoni,16976677,vinayasathyanarayana,content,2020-03-08T15:47:38Z,https://github.com/goldbergyoni/nodebestpractices/pull/647
393,8571500,goldbergyoni,103633984,nodebestpractices,4941215,kevynb,2671139,kiwikern,content,2020-03-24T17:15:25Z,https://github.com/goldbergyoni/nodebestpractices/pull/656
394,8571500,goldbergyoni,103633984,nodebestpractices,4941215,kevynb,55669043,kennethfreitas,content,2020-03-24T17:19:59Z,https://github.com/goldbergyoni/nodebestpractices/pull/657
395,8571500,goldbergyoni,103633984,nodebestpractices,8571500,goldbergyoni,1531561,songe,content,2020-03-30T07:02:39Z,https://github.com/goldbergyoni/nodebestpractices/pull/659
396,8571500,goldbergyoni,103633984,nodebestpractices,8571500,goldbergyoni,18367606,mbiesiad,translation,2020-03-30T06:56:49Z,https://github.com/goldbergyoni/nodebestpractices/pull/661
397,8571500,goldbergyoni,103633984,nodebestpractices,8571500,goldbergyoni,18367606,mbiesiad,content,2020-03-30T06:56:49Z,https://github.com/goldbergyoni/nodebestpractices/pull/661
398,8571500,goldbergyoni,103633984,nodebestpractices,8571500,goldbergyoni,1531561,songe,content,2020-03-30T07:02:39Z,https://github.com/goldbergyoni/nodebestpractices/pull/659
399,8571500,goldbergyoni,103633984,nodebestpractices,4772980,BrunoScheufler,30693707,ksedline,content,2020-05-10T10:23:23Z,https://github.com/goldbergyoni/nodebestpractices/pull/678
400,8571500,goldbergyoni,103633984,nodebestpractices,4772980,BrunoScheufler,2534649,serzn1,content,2020-05-10T10:25:50Z,https://github.com/goldbergyoni/nodebestpractices/pull/680
401,8571500,goldbergyoni,103633984,nodebestpractices,4941215,kevynb,21241761,keyrwinz,content,2020-05-17T09:51:54Z,https://github.com/goldbergyoni/nodebestpractices/pull/688
402,8571500,goldbergyoni,103633984,nodebestpractices,4772980,BrunoScheufler,2134568,ndmitry,content,2020-05-17T10:35:36Z,https://github.com/goldbergyoni/nodebestpractices/pull/690
403,8571500,goldbergyoni,103633984,nodebestpractices,4941215,kevynb,1875256,bushuai,review,2020-06-05T10:11:36Z,https://github.com/goldbergyoni/nodebestpractices/pull/707
404,8571500,goldbergyoni,103633984,nodebestpractices,4941215,kevynb,1875256,bushuai,content,2020-06-05T10:11:36Z,https://github.com/goldbergyoni/nodebestpractices/pull/707
405,8571500,goldbergyoni,103633984,nodebestpractices,23022619,js-kyle,1315533,benjamingr,content,2020-06-06T03:32:30Z,https://github.com/goldbergyoni/nodebestpractices/pull/712
406,8571500,goldbergyoni,103633984,nodebestpractices,4941215,kevynb,7424138,byeze,translation,2020-06-29T14:57:15Z,https://github.com/goldbergyoni/nodebestpractices/pull/725
407,8571500,goldbergyoni,103633984,nodebestpractices,4941215,kevynb,994594,juaoose,translation,2020-06-29T14:59:12Z,https://github.com/goldbergyoni/nodebestpractices/pull/726
408,8571500,goldbergyoni,103633984,nodebestpractices,4941215,kevynb,6897234,orbin,content,2020-07-06T06:59:53Z,https://github.com/goldbergyoni/nodebestpractices/pull/729
409,8571500,goldbergyoni,103633984,nodebestpractices,8571500,goldbergyoni,508827,andreoav,content,2020-08-20T05:54:19Z,https://github.com/goldbergyoni/nodebestpractices/pull/748
410,8571500,goldbergyoni,103633984,nodebestpractices,4941215,kevynb,2225828,jimmycallin,content,2020-08-23T19:47:25Z,https://github.com/goldbergyoni/nodebestpractices/pull/754
411,8571500,goldbergyoni,103633984,nodebestpractices,4941215,kevynb,11459632,mikicho,content,2020-08-23T19:50:32Z,https://github.com/goldbergyoni/nodebestpractices/pull/755
412,8571500,goldbergyoni,103633984,nodebestpractices,4941215,kevynb,26025955,w01fs,content,2020-08-25T05:35:42Z,https://github.com/goldbergyoni/nodebestpractices/pull/757
413,8571500,goldbergyoni,103633984,nodebestpractices,8571500,goldbergyoni,1578766,ryan3e0,content,2020-09-09T10:22:04Z,https://github.com/goldbergyoni/nodebestpractices/pull/765
414,8571500,goldbergyoni,103633984,nodebestpractices,8571500,goldbergyoni,49961674,bttger,content,2020-09-17T12:22:19Z,https://github.com/goldbergyoni/nodebestpractices/pull/767
415,8571500,goldbergyoni,103633984,nodebestpractices,4941215,kevynb,5612500,jormaechea,translation,2020-10-02T10:04:39Z,https://github.com/goldbergyoni/nodebestpractices/pull/771
416,8571500,goldbergyoni,103633984,nodebestpractices,4941215,kevynb,71859096,dfrzuz,translation,2020-10-02T10:19:16Z,https://github.com/goldbergyoni/nodebestpractices/pull/772
417,8571500,goldbergyoni,103633984,nodebestpractices,8571500,goldbergyoni,121449,victor-homyakov,content,2020-10-20T08:01:58Z,https://github.com/goldbergyoni/nodebestpractices/pull/782
418,8571500,goldbergyoni,103633984,nodebestpractices,8571500,goldbergyoni,46608115,josh-hemphill,content,2020-10-31T17:02:29Z,https://github.com/goldbergyoni/nodebestpractices/pull/787
419,8571500,goldbergyoni,103633984,nodebestpractices,8571500,goldbergyoni,32949882,alec-francis,content,2020-11-13T08:56:15Z,https://github.com/goldbergyoni/nodebestpractices/pull/793
420,8571500,goldbergyoni,103633984,nodebestpractices,8571500,goldbergyoni,61268891,arjun6610,content,2020-11-13T08:58:54Z,https://github.com/goldbergyoni/nodebestpractices/pull/794
421,8571500,goldbergyoni,103633984,nodebestpractices,4772980,BrunoScheufler,46608115,josh-hemphill,security,2020-11-14T10:06:42Z,https://github.com/goldbergyoni/nodebestpractices/pull/795
422,8571500,goldbergyoni,103633984,nodebestpractices,4772980,BrunoScheufler,11651780,jan-osch,content,2020-11-14T10:07:08Z,https://github.com/goldbergyoni/nodebestpractices/pull/797
423,8571500,goldbergyoni,103633984,nodebestpractices,4941215,kevynb,32005779,thiagotrs,translation,2020-11-18T07:46:59Z,https://github.com/goldbergyoni/nodebestpractices/pull/801
424,8571500,goldbergyoni,103633984,nodebestpractices,8571500,goldbergyoni,6392013,alexsey,content,2020-11-20T12:07:06Z,https://github.com/goldbergyoni/nodebestpractices/pull/804
425,8571500,goldbergyoni,103633984,nodebestpractices,4941215,kevynb,32210483,13luismb,translation,2020-11-20T18:37:45Z,https://github.com/goldbergyoni/nodebestpractices/pull/805
426,8571500,goldbergyoni,103633984,nodebestpractices,4941215,kevynb,22394847,lromano97,translation,2020-11-23T13:25:13Z,https://github.com/goldbergyoni/nodebestpractices/pull/807
427,8571500,goldbergyoni,103633984,nodebestpractices,4941215,kevynb,13016516,denisecase,content,2020-11-23T13:27:41Z,https://github.com/goldbergyoni/nodebestpractices/pull/808
428,8571500,goldbergyoni,103633984,nodebestpractices,4941215,kevynb,13496126,collierrgbsitisfise,translation,2020-11-23T13:34:44Z,https://github.com/goldbergyoni/nodebestpractices/pull/809
429,8571500,goldbergyoni,103633984,nodebestpractices,23022619,js-kyle,1078554,elektronik2k5,content,2020-12-06T21:23:12Z,https://github.com/goldbergyoni/nodebestpractices/pull/812
430,8571500,goldbergyoni,103633984,nodebestpractices,23022619,js-kyle,26602940,0xflotus,content,2020-12-06T21:28:58Z,https://github.com/goldbergyoni/nodebestpractices/pull/814
431,8571500,goldbergyoni,103633984,nodebestpractices,8571500,goldbergyoni,11434205,dijonkitchen,content,2020-12-20T15:38:24Z,https://github.com/goldbergyoni/nodebestpractices/pull/825
432,8571500,goldbergyoni,103633984,nodebestpractices,23022619,js-kyle,5089728,dilansri,content,2021-01-02T02:41:06Z,https://github.com/goldbergyoni/nodebestpractices/pull/834
433,8571500,goldbergyoni,103633984,nodebestpractices,4941215,kevynb,4215285,vladthelittleone,translation,2021-01-04T13:18:53Z,https://github.com/goldbergyoni/nodebestpractices/pull/836
434,8571500,goldbergyoni,103633984,nodebestpractices,4941215,kevynb,60047271,nosvalds,content,2021-01-07T15:19:10Z,https://github.com/goldbergyoni/nodebestpractices/pull/840
435,8571500,goldbergyoni,103633984,nodebestpractices,4941215,kevynb,39854385,kdaniel21,doc,2021-01-07T15:25:26Z,https://github.com/goldbergyoni/nodebestpractices/pull/841
436,8571500,goldbergyoni,103633984,nodebestpractices,4941215,kevynb,163352,forresst,content,2021-01-13T09:46:22Z,https://github.com/goldbergyoni/nodebestpractices/pull/847
437,8571500,goldbergyoni,103633984,nodebestpractices,4941215,kevynb,76098,svenheden,content,2021-01-14T08:11:09Z,https://github.com/goldbergyoni/nodebestpractices/pull/849
438,8571500,goldbergyoni,103633984,nodebestpractices,23022619,js-kyle,12381652,austrisc,content,2021-01-14T19:13:46Z,https://github.com/goldbergyoni/nodebestpractices/pull/851
439,8571500,goldbergyoni,103633984,nodebestpractices,4941215,kevynb,60251188,cisco0808,translation,2021-01-17T19:00:43Z,https://github.com/goldbergyoni/nodebestpractices/pull/852
440,8571500,goldbergyoni,103633984,nodebestpractices,4941215,kevynb,17216937,anediaz,translation,2021-02-04T17:09:58Z,https://github.com/goldbergyoni/nodebestpractices/pull/865
441,8571500,goldbergyoni,103633984,nodebestpractices,4941215,kevynb,23182489,yukiota,translation,2021-02-04T17:09:58Z,https://github.com/goldbergyoni/nodebestpractices/pull/865
442,8571500,goldbergyoni,103633984,nodebestpractices,4941215,kevynb,43814140,fdawgs,content,2021-02-04T17:15:37Z,https://github.com/goldbergyoni/nodebestpractices/pull/870
443,8571500,goldbergyoni,103633984,nodebestpractices,8571500,goldbergyoni,16746759,rluvaton,content,2021-02-06T19:53:21Z,https://github.com/goldbergyoni/nodebestpractices/pull/872
444,8571500,goldbergyoni,103633984,nodebestpractices,8571500,goldbergyoni,37298463,ya21,content,2021-02-09T11:09:47Z,https://github.com/goldbergyoni/nodebestpractices/pull/878
445,8571500,goldbergyoni,103633984,nodebestpractices,23022619,js-kyle,77080074,andrewjbarbour,content,2021-02-09T19:54:19Z,https://github.com/goldbergyoni/nodebestpractices/pull/880
446,8571500,goldbergyoni,103633984,nodebestpractices,23022619,js-kyle,17163541,masujimaryohei,content,2021-02-09T19:56:27Z,https://github.com/goldbergyoni/nodebestpractices/pull/881
447,8571500,goldbergyoni,103633984,nodebestpractices,4941215,kevynb,16191931,kubanac95,content,2021-02-12T14:36:48Z,https://github.com/goldbergyoni/nodebestpractices/pull/885
448,8571500,goldbergyoni,103633984,nodebestpractices,8571500,goldbergyoni,32597776,suspiciouslookingowl,content,2021-03-05T11:11:37Z,https://github.com/goldbergyoni/nodebestpractices/pull/904
449,8571500,goldbergyoni,103633984,nodebestpractices,8571500,goldbergyoni,36074789,yedidyas,content,2021-03-05T11:22:36Z,https://github.com/goldbergyoni/nodebestpractices/pull/906
450,8571500,goldbergyoni,103633984,nodebestpractices,8571500,goldbergyoni,36074789,yedidyas,example,2021-03-05T11:22:36Z,https://github.com/goldbergyoni/nodebestpractices/pull/906
451,8571500,goldbergyoni,103633984,nodebestpractices,8571500,goldbergyoni,1078554,elektronik2k5,review,2021-03-26T15:36:03Z,https://github.com/goldbergyoni/nodebestpractices/pull/912
452,8571500,goldbergyoni,103633984,nodebestpractices,8571500,goldbergyoni,17216937,anediaz,content,2021-03-26T15:36:03Z,https://github.com/goldbergyoni/nodebestpractices/pull/912
453,8571500,goldbergyoni,103633984,nodebestpractices,8571500,goldbergyoni,20423540,ariel-diaz,content,2021-03-26T15:36:03Z,https://github.com/goldbergyoni/nodebestpractices/pull/912
454,8571500,goldbergyoni,103633984,nodebestpractices,8571500,goldbergyoni,7080389,vispercept,content,2021-03-26T15:36:03Z,https://github.com/goldbergyoni/nodebestpractices/pull/912
455,8571500,goldbergyoni,103633984,nodebestpractices,8571500,goldbergyoni,1397804,coocos,content,2021-03-26T15:36:03Z,https://github.com/goldbergyoni/nodebestpractices/pull/912
456,8571500,goldbergyoni,103633984,nodebestpractices,8571500,goldbergyoni,45130488,tkhadir,content,2021-03-27T12:52:46Z,https://github.com/goldbergyoni/nodebestpractices/pull/933
457,8571500,goldbergyoni,103633984,nodebestpractices,23022619,js-kyle,10389723,codebyshubham,content,2021-04-05T02:17:46Z,https://github.com/goldbergyoni/nodebestpractices/pull/951
458,8571500,goldbergyoni,103633984,nodebestpractices,8571500,goldbergyoni,17712401,lucalves,content,2021-04-24T20:17:06Z,https://github.com/goldbergyoni/nodebestpractices/pull/956
459,8571500,goldbergyoni,103633984,nodebestpractices,16746759,rluvaton,9018331,benjaminudoh10,content,2021-05-10T20:30:49Z,https://github.com/goldbergyoni/nodebestpractices/pull/973
460,8571500,goldbergyoni,103633984,nodebestpractices,16746759,rluvaton,13971637,yjoe,content,2021-05-10T20:37:14Z,https://github.com/goldbergyoni/nodebestpractices/pull/975
461,8571500,goldbergyoni,103633984,nodebestpractices,16746759,rluvaton,47742486,yjoer,content,2021-05-10T21:06:09Z,https://github.com/goldbergyoni/nodebestpractices/pull/977
462,8571500,goldbergyoni,103633984,nodebestpractices,16746759,rluvaton,16161991,miigon,content,2021-05-16T10:50:51Z,https://github.com/goldbergyoni/nodebestpractices/pull/983
463,8571500,goldbergyoni,103633984,nodebestpractices,16746759,rluvaton,1297478,flouse,content,2021-05-17T19:27:08Z,https://github.com/goldbergyoni/nodebestpractices/pull/988
464,8571500,goldbergyoni,103633984,nodebestpractices,8571500,goldbergyoni,6922125,taranttini,content,2021-05-23T15:10:41Z,https://github.com/goldbergyoni/nodebestpractices/pull/991
465,8571500,goldbergyoni,103633984,nodebestpractices,16746759,rluvaton,927886,burkybang,content,2021-05-30T15:36:32Z,https://github.com/goldbergyoni/nodebestpractices/pull/999
466,8571500,goldbergyoni,103633984,nodebestpractices,16746759,rluvaton,33795856,k906506,content,2021-06-06T14:20:27Z,https://github.com/goldbergyoni/nodebestpractices/pull/1004
467,8571500,goldbergyoni,103633984,nodebestpractices,16746759,rluvaton,67615003,vlad99902,content,2021-06-07T21:33:45Z,https://github.com/goldbergyoni/nodebestpractices/pull/1008
468,8571500,goldbergyoni,103633984,nodebestpractices,16746759,rluvaton,36763164,kerolloz,content,2021-06-10T17:32:00Z,https://github.com/goldbergyoni/nodebestpractices/pull/1011
469,8571500,goldbergyoni,103633984,nodebestpractices,16746759,rluvaton,3277260,erezlieberman,content,2021-07-14T16:35:52Z,https://github.com/goldbergyoni/nodebestpractices/pull/1041
470,8571500,goldbergyoni,103633984,nodebestpractices,16746759,rluvaton,48841329,breno404,content,2021-07-20T05:16:34Z,https://github.com/goldbergyoni/nodebestpractices/pull/1054
471,8571500,goldbergyoni,103633984,nodebestpractices,16746759,rluvaton,40414805,jfernando122,translation,2021-07-31T23:23:56Z,https://github.com/goldbergyoni/nodebestpractices/pull/1059
472,8571500,goldbergyoni,103633984,nodebestpractices,16746759,rluvaton,43880669,rafaelconcept,translation,2021-08-13T12:44:31Z,https://github.com/goldbergyoni/nodebestpractices/pull/1066
473,8571500,goldbergyoni,103633984,nodebestpractices,16746759,rluvaton,63617637,emiperalta,translation,2021-08-15T05:04:26Z,https://github.com/goldbergyoni/nodebestpractices/pull/1071
474,8571500,goldbergyoni,103633984,nodebestpractices,8571500,goldbergyoni,7369541,lannex,content,2021-08-15T17:06:52Z,https://github.com/goldbergyoni/nodebestpractices/pull/1073
475,8571500,goldbergyoni,103633984,nodebestpractices,16746759,rluvaton,12589522,e-e-e,content,2021-11-13T16:19:25Z,https://github.com/goldbergyoni/nodebestpractices/pull/1100
476,8571500,goldbergyoni,103633984,nodebestpractices,16746759,rluvaton,37077048,danielefedeli,content,2021-11-13T16:24:16Z,https://github.com/goldbergyoni/nodebestpractices/pull/1103
477,8571500,goldbergyoni,103633984,nodebestpractices,8571500,goldbergyoni,17146669,djob195,content,2021-11-19T07:35:11Z,https://github.com/goldbergyoni/nodebestpractices/pull/1105
478,8571500,goldbergyoni,103633984,nodebestpractices,8571500,goldbergyoni,78955792,antspk,content,2021-11-21T08:26:56Z,https://github.com/goldbergyoni/nodebestpractices/pull/1106
479,8571500,goldbergyoni,103633984,nodebestpractices,8571500,goldbergyoni,91455122,kkk-cashwalk,content,2021-11-21T10:45:29Z,https://github.com/goldbergyoni/nodebestpractices/pull/1109
480,8571500,goldbergyoni,103633984,nodebestpractices,16746759,rluvaton,42982186,apainintheneck,content,2021-11-30T18:08:10Z,https://github.com/goldbergyoni/nodebestpractices/pull/1120
481,8571500,goldbergyoni,103633984,nodebestpractices,16746759,rluvaton,9715368,koyanyaroo,content,2022-01-09T15:20:39Z,https://github.com/goldbergyoni/nodebestpractices/pull/1131
482,8571500,goldbergyoni,103633984,nodebestpractices,46608115,josh-hemphill,44462019,mistersingh,content,2022-02-20T23:08:13Z,https://github.com/goldbergyoni/nodebestpractices/pull/1144
483,8571500,goldbergyoni,103633984,nodebestpractices,46608115,josh-hemphill,43738450,alex-dumitru,content,2022-02-20T23:08:13Z,https://github.com/goldbergyoni/nodebestpractices/pull/1144
484,8571500,goldbergyoni,103633984,nodebestpractices,46608115,josh-hemphill,18104686,lykhatskyi,content,2022-02-20T23:08:13Z,https://github.com/goldbergyoni/nodebestpractices/pull/1144
485,8571500,goldbergyoni,103633984,nodebestpractices,46608115,josh-hemphill,81002379,everythingavailable,content,2022-02-20T23:08:13Z,https://github.com/goldbergyoni/nodebestpractices/pull/1144
486,8571500,goldbergyoni,103633984,nodebestpractices,16746759,rluvaton,33126163,euberdeveloper,content,2022-03-28T20:40:08Z,https://github.com/goldbergyoni/nodebestpractices/pull/1162
487,8571500,goldbergyoni,103633984,nodebestpractices,16746759,rluvaton,3930307,soranakk,content,2022-04-15T14:46:22Z,https://github.com/goldbergyoni/nodebestpractices/pull/1167
488,8571500,goldbergyoni,103633984,nodebestpractices,8571500,goldbergyoni,59876059,guilhermeportella,content,2022-06-08T09:35:24Z,https://github.com/goldbergyoni/nodebestpractices/pull/1177
489,8571500,goldbergyoni,103633984,nodebestpractices,16746759,rluvaton,94430145,backend-joonyoung,content,2022-06-18T19:43:44Z,https://github.com/goldbergyoni/nodebestpractices/pull/1179
490,8571500,goldbergyoni,103633984,nodebestpractices,16746759,rluvaton,94430145,backend-joonyoung,code,2022-06-18T19:43:44Z,https://github.com/goldbergyoni/nodebestpractices/pull/1179
491,8571500,goldbergyoni,103633984,nodebestpractices,16746759,rluvaton,18497570,esser50k,content,2022-06-18T19:43:44Z,https://github.com/goldbergyoni/nodebestpractices/pull/1179
492,8571500,goldbergyoni,103633984,nodebestpractices,16746759,rluvaton,22486446,shichencong,translation,2022-07-10T07:28:59Z,https://github.com/goldbergyoni/nodebestpractices/pull/1190
493,8571500,goldbergyoni,103633984,nodebestpractices,16746759,rluvaton,1875822,mauroaccornero,content,2022-10-28T14:31:32Z,https://github.com/goldbergyoni/nodebestpractices/pull/1201
494,8571500,goldbergyoni,103633984,nodebestpractices,16746759,rluvaton,63000297,no-yan,content,2023-03-21T08:24:43Z,https://github.com/goldbergyoni/nodebestpractices/pull/1226
